n	d	dxn	grid_acc	model_size	level
2	1	2	1.0	70	1
3	1	3	0.7333333333333334	70	1
4	1	4	0.95	70	1
5	1	5	0.86	70	1
6	1	6	0.2037037037037037	70	1
7	1	7	0.3968253968253968	70	1
2	2	4	0.95	70	1
3	2	6	0.6333333333333333	70	1
4	2	8	0.8125	70	1
5	2	10	0.4666666666666667	70	1
6	2	12	0.4880952380952381	70	1
7	2	14	0.2928571428571428	70	1
2	3	6	0.8166666666666668	70	1
3	3	9	0.7111111111111111	70	1
4	3	12	0.4833333333333333	70	1
5	3	15	0.3925925925925926	70	1
6	3	18	0.3333333333333333	70	1
7	3	21	0.3068783068783068	70	1
2	4	8	0.8125	70	1
3	4	12	0.6916666666666668	70	1
4	4	16	0.44375	70	1
5	4	20	0.42	70	1
6	4	24	0.3166666666666666	70	1
7	4	28	0.3178571428571429	70	1
2	5	10	0.86	70	1
3	5	15	0.5133333333333333	70	1
4	5	20	0.45	70	1
5	5	25	0.324	70	1
6	5	30	0.29	70	1
7	5	35	0.2028571428571428	70	1
2	6	12	0.8166666666666668	70	1
3	6	18	0.6222222222222222	70	1
4	6	24	0.35	70	1
5	6	30	0.32	70	1
6	6	36	0.2944444444444444	70	1
7	6	42	0.1952380952380952	70	1
2	7	14	0.8357142857142856	70	1
3	7	21	0.4857142857142856	70	1
4	7	28	0.373015873015873	70	1
5	7	35	0.3	70	1
6	7	42	0.2404761904761904	70	1
7	7	49	0.2061224489795918	70	1
2	1	2		70	2
3	1	3	0.6	70	2
4	1	4	0.5	70	2
5	1	5	0.5	70	2
6	1	6	0.3666666666666667	70	2
7	1	7	0.4821428571428571	70	2
2	2	4		70	2
3	2	6	0.4833333333333333	70	2
4	2	8	0.7361111111111112	70	2
5	2	10	0.3777777777777777	70	2
6	2	12	0.2962962962962963	70	2
7	2	14	0.3877551020408163	70	2
2	3	6		70	2
3	3	9	0.5555555555555556	70	2
4	3	12	0.5740740740740741	70	2
5	3	15	0.2518518518518518	70	2
6	3	18	0.2722222222222222	70	2
7	3	21	0.1957671957671957	70	2
2	4	8		70	2
3	4	12	0.5499999999999999	70	2
4	4	16	0.3472222222222222	70	2
5	4	20	0.2833333333333333	70	2
6	4	24	0.287037037037037	70	2
7	4	28	0.2071428571428571	70	2
2	5	10		70	2
3	5	15	0.5	70	2
4	5	20	0.4349999999999999	70	2
5	5	25	0.3377777777777778	70	2
6	5	30	0.2233333333333333	70	2
7	5	35	0.2342857142857142	70	2
2	6	12		70	2
3	6	18	0.54320987654321	70	2
4	6	24	0.4083333333333334	70	2
5	6	30	0.3466666666666667	70	2
6	6	36	0.2555555555555555	70	2
7	6	42	0.2071428571428571	70	2
2	7	14		70	2
3	7	21	0.4809523809523809	70	2
4	7	28	0.3482142857142857	70	2
5	7	35	0.28	70	2
6	7	42	0.2619047619047619	70	2
7	7	49	0.1746031746031746	70	2
2	1	2	0.8	70	3
3	1	3	0.7666666666666666	70	3
4	1	4	0.35	70	3
5	1	5	0.42	70	3
6	1	6	0.7833333333333333	70	3
7	1	7	0.2285714285714286	70	3
2	2	4	0.9	70	3
3	2	6	0.6333333333333333	70	3
4	2	8	0.475	70	3
5	2	10	0.4666666666666667	70	3
6	2	12	0.25	70	3
7	2	14	0.1642857142857142	70	3
2	3	6	0.75	70	3
3	3	9	0.6555555555555556	70	3
4	3	12	0.4416666666666666	70	3
5	3	15	0.3066666666666666	70	3
6	3	18	0.2833333333333333	70	3
7	3	21	0.2698412698412699	70	3
2	4	8	0.725	70	3
3	4	12	0.5750000000000001	70	3
4	4	16	0.4	70	3
5	4	20	0.37	70	3
6	4	24	0.2666666666666666	70	3
7	4	28	0.1714285714285714	70	3
2	5	10	0.7333333333333333	70	3
3	5	15	0.4583333333333333	70	3
4	5	20	0.37	70	3
5	5	25	0.344	70	3
6	5	30	0.237037037037037	70	3
7	5	35	0.2031746031746031	70	3
2	6	12	0.75	70	3
3	6	18	0.4	70	3
4	6	24	0.3708333333333333	70	3
5	6	30	0.2733333333333333	70	3
6	6	36	0.2388888888888888	70	3
7	6	42	0.219047619047619	70	3
2	7	14	0.7214285714285714	70	3
3	7	21	0.4952380952380952	70	3
4	7	28	0.4071428571428571	70	3
5	7	35	0.2371428571428571	70	3
6	7	42	0.2619047619047619	70	3
7	7	49	0.1959183673469387	70	3
2	1	2	1.0	70	4
3	1	3	0.7333333333333334	70	4
4	1	4	0.5	70	4
5	1	5	0.5555555555555556	70	4
6	1	6	0.2592592592592592	70	4
7	1	7	0.6031746031746031	70	4
2	2	4	0.95	70	4
3	2	6	0.6	70	4
4	2	8	0.5535714285714286	70	4
5	2	10	0.3571428571428571	70	4
6	2	12	0.4166666666666667	70	4
7	2	14	0.2619047619047619	70	4
2	3	6	1.0	70	4
3	3	9	0.5925925925925926	70	4
4	3	12	0.3888888888888889	70	4
5	3	15	0.3	70	4
6	3	18	0.2530864197530864	70	4
7	3	21	0.2321428571428571	70	4
2	4	8	0.825	70	4
3	4	12	0.3583333333333333	70	4
4	4	16	0.30625	70	4
5	4	20	0.3071428571428571	70	4
6	4	24	0.225	70	4
7	4	28	0.2392857142857143	70	4
2	5	10	0.86	70	4
3	5	15	0.4866666666666666	70	4
4	5	20	0.315	70	4
5	5	25	0.255	70	4
6	5	30	0.2133333333333333	70	4
7	5	35	0.26	70	4
2	6	12	0.6	70	4
3	6	18	0.5222222222222223	70	4
4	6	24	0.2875	70	4
5	6	30	0.274074074074074	70	4
6	6	36	0.2833333333333333	70	4
7	6	42	0.1738095238095238	70	4
2	7	14	0.8285714285714285	70	4
3	7	21	0.5285714285714286	70	4
4	7	28	0.3571428571428571	70	4
5	7	35	0.2885714285714285	70	4
6	7	42	0.2248677248677248	70	4
7	7	49	0.2183673469387755	70	4
2	1	2	0.95	70	5
3	1	3	0.8333333333333334	70	5
4	1	4	0.65	70	5
5	1	5	0.4	70	5
6	1	6	0.4814814814814814	70	5
7	1	7	0.3174603174603175	70	5
2	2	4	0.9	70	5
3	2	6	0.5666666666666667	70	5
4	2	8	0.4027777777777778	70	5
5	2	10	0.2799999999999999	70	5
6	2	12	0.2777777777777778	70	5
7	2	14	0.3571428571428571	70	5
2	3	6	0.9	70	5
3	3	9	0.6111111111111112	70	5
4	3	12	0.4814814814814814	70	5
5	3	15	0.4296296296296296	70	5
6	3	18	0.3125	70	5
7	3	21	0.3285714285714285	70	5
2	4	8	0.8611111111111112	70	5
3	4	12	0.6574074074074074	70	5
4	4	16	0.30625	70	5
5	4	20	0.3277777777777778	70	5
6	4	24	0.3041666666666666	70	5
7	4	28	0.2107142857142857	70	5
2	5	10	0.78	70	5
3	5	15	0.4933333333333333	70	5
4	5	20	0.4222222222222222	70	5
5	5	25	0.244	70	5
6	5	30	0.2699999999999999	70	5
7	5	35	0.2571428571428571	70	5
2	6	12	0.775	70	5
3	6	18	0.4944444444444444	70	5
4	6	24	0.3842592592592592	70	5
5	6	30	0.2958333333333333	70	5
6	6	36	0.2611111111111111	70	5
7	6	42	0.1928571428571428	70	5
2	7	14	0.7999999999999999	70	5
3	7	21	0.5132275132275133	70	5
4	7	28	0.3214285714285714	70	5
5	7	35	0.24	70	5
6	7	42	0.2023809523809523	70	5
7	7	49	0.2	70	5
2	1	2		70	6
3	1	3		70	6
4	1	4		70	6
5	1	5		70	6
6	1	6		70	6
7	1	7		70	6
2	2	4	0.975	70	6
3	2	6	0.7037037037037037	70	6
4	2	8	0.4625	70	6
5	2	10	0.4375	70	6
6	2	12	0.2314814814814814	70	6
7	2	14	0.1785714285714285	70	6
2	3	6	0.8333333333333334	70	6
3	3	9	0.5222222222222223	70	6
4	3	12	0.3583333333333333	70	6
5	3	15	0.2933333333333333	70	6
6	3	18	0.25	70	6
7	3	21	0.1845238095238095	70	6
2	4	8	0.9	70	6
3	4	12	0.3999999999999999	70	6
4	4	16	0.35	70	6
5	4	20	0.25	70	6
6	4	24	0.2875	70	6
7	4	28	0.1964285714285714	70	6
2	5	10	0.72	70	6
3	5	15	0.48	70	6
4	5	20	0.38	70	6
5	5	25	0.24	70	6
6	5	30	0.2666666666666666	70	6
7	5	35	0.2085714285714285	70	6
2	6	12	0.7777777777777778	70	6
3	6	18	0.4444444444444444	70	6
4	6	24	0.3611111111111111	70	6
5	6	30	0.2888888888888888	70	6
6	6	36	0.1916666666666666	70	6
7	6	42	0.1857142857142857	70	6
2	7	14	0.7000000000000001	70	6
3	7	21	0.6047619047619047	70	6
4	7	28	0.3214285714285714	70	6
5	7	35	0.28	70	6
6	7	42	0.2333333333333333	70	6
7	7	49	0.1814058956916099	70	6
2	1	2		70	7
3	1	3	0.9	70	7
4	1	4	0.5833333333333334	70	7
5	1	5	0.26	70	7
6	1	6	0.3833333333333333	70	7
7	1	7	0.1999999999999999	70	7
2	2	4		70	7
3	2	6	0.6666666666666666	70	7
4	2	8	0.475	70	7
5	2	10	0.5666666666666667	70	7
6	2	12	0.2916666666666667	70	7
7	2	14	0.2232142857142857	70	7
2	3	6		70	7
3	3	9	0.7160493827160495	70	7
4	3	12	0.475	70	7
5	3	15	0.4148148148148148	70	7
6	3	18	0.2111111111111111	70	7
7	3	21	0.2666666666666666	70	7
2	4	8		70	7
3	4	12	0.5555555555555556	70	7
4	4	16	0.4125	70	7
5	4	20	0.3333333333333333	70	7
6	4	24	0.2125	70	7
7	4	28	0.2321428571428571	70	7
2	5	10		70	7
3	5	15	0.48	70	7
4	5	20	0.36	70	7
5	5	25	0.336	70	7
6	5	30	0.2037037037037037	70	7
7	5	35	0.1809523809523809	70	7
2	6	12		70	7
3	6	18	0.4611111111111111	70	7
4	6	24	0.3791666666666666	70	7
5	6	30	0.2366666666666666	70	7
6	6	36	0.2395833333333333	70	7
7	6	42	0.2047619047619047	70	7
2	7	14		70	7
3	7	21	0.4619047619047619	70	7
4	7	28	0.2619047619047619	70	7
5	7	35	0.3206349206349206	70	7
6	7	42	0.2238095238095238	70	7
7	7	49	0.1857142857142857	70	7
2	1	2	1.0	70	8
3	1	3	0.5666666666666667	70	8
4	1	4	0.275	70	8
5	1	5	0.32	70	8
6	1	6	0.2333333333333333	70	8
7	1	7	0.2285714285714286	70	8
2	2	4	0.8	70	8
3	2	6	0.65	70	8
4	2	8	0.4125	70	8
5	2	10	0.3875	70	8
6	2	12	0.25	70	8
7	2	14	0.2142857142857142	70	8
2	3	6	0.8333333333333334	70	8
3	3	9	0.4111111111111111	70	8
4	3	12	0.375	70	8
5	3	15	0.2733333333333333	70	8
6	3	18	0.1728395061728395	70	8
7	3	21	0.1952380952380952	70	8
2	4	8	0.775	70	8
3	4	12	0.5	70	8
4	4	16	0.4	70	8
5	4	20	0.295	70	8
6	4	24	0.25	70	8
7	4	28	0.1678571428571428	70	8
2	5	10	0.6666666666666667	70	8
3	5	15	0.5266666666666667	70	8
4	5	20	0.385	70	8
5	5	25	0.336	70	8
6	5	30	0.1733333333333333	70	8
7	5	35	0.2828571428571428	70	8
2	6	12	0.7166666666666667	70	8
3	6	18	0.4722222222222222	70	8
4	6	24	0.2833333333333333	70	8
5	6	30	0.3481481481481481	70	8
6	6	36	0.1851851851851852	70	8
7	6	42	0.1904761904761904	70	8
2	7	14	0.6857142857142857	70	8
3	7	21	0.4666666666666667	70	8
4	7	28	0.2857142857142857	70	8
5	7	35	0.3285714285714285	70	8
6	7	42	0.2095238095238095	70	8
7	7	49	0.2142857142857142	70	8
2	1	2		70	9
3	1	3		70	9
4	1	4		70	9
5	1	5		70	9
6	1	6		70	9
7	1	7		70	9
2	2	4	0.85	70	9
3	2	6	0.6166666666666667	70	9
4	2	8	0.3055555555555556	70	9
5	2	10	0.36	70	9
6	2	12	0.3020833333333333	70	9
7	2	14	0.2142857142857142	70	9
2	3	6	0.7666666666666666	70	9
3	3	9	0.6444444444444444	70	9
4	3	12	0.3425925925925925	70	9
5	3	15	0.2733333333333333	70	9
6	3	18	0.3	70	9
7	3	21	0.2202380952380952	70	9
2	4	8	0.8125	70	9
3	4	12	0.5462962962962963	70	9
4	4	16	0.2875	70	9
5	4	20	0.245	70	9
6	4	24	0.2625	70	9
7	4	28	0.1666666666666666	70	9
2	5	10	0.711111111111111	70	9
3	5	15	0.4066666666666666	70	9
4	5	20	0.275	70	9
5	5	25	0.3279999999999999	70	9
6	5	30	0.2708333333333333	70	9
7	5	35	0.2085714285714285	70	9
2	6	12	0.7037037037037037	70	9
3	6	18	0.5	70	9
4	6	24	0.324074074074074	70	9
5	6	30	0.2222222222222222	70	9
6	6	36	0.2333333333333333	70	9
7	6	42	0.2037037037037037	70	9
2	7	14	0.6285714285714287	70	9
3	7	21	0.419047619047619	70	9
4	7	28	0.3178571428571429	70	9
5	7	35	0.2571428571428571	70	9
6	7	42	0.2	70	9
7	7	49	0.1496598639455782	70	9
2	1	2		70	10
3	1	3		70	10
4	1	4		70	10
5	1	5		70	10
6	1	6		70	10
7	1	7		70	10
2	2	4		70	10
3	2	6		70	10
4	2	8		70	10
5	2	10		70	10
6	2	12		70	10
7	2	14		70	10
2	3	6		70	10
3	3	9	0.5111111111111111	70	10
4	3	12	0.3333333333333333	70	10
5	3	15	0.2380952380952381	70	10
6	3	18	0.2301587301587301	70	10
7	3	21	0.2571428571428572	70	10
2	4	8		70	10
3	4	12	0.6166666666666667	70	10
4	4	16	0.3125	70	10
5	4	20	0.27	70	10
6	4	24	0.2268518518518518	70	10
7	4	28	0.1642857142857142	70	10
2	5	10		70	10
3	5	15	0.4933333333333333	70	10
4	5	20	0.3285714285714285	70	10
5	5	25	0.3466666666666666	70	10
6	5	30	0.1666666666666666	70	10
7	5	35	0.1777777777777777	70	10
2	6	12		70	10
3	6	18	0.462962962962963	70	10
4	6	24	0.3625	70	10
5	6	30	0.1777777777777777	70	10
6	6	36	0.2611111111111111	70	10
7	6	42	0.1772486772486772	70	10
2	7	14		70	10
3	7	21	0.4619047619047619	70	10
4	7	28	0.325	70	10
5	7	35	0.26	70	10
6	7	42	0.2407407407407407	70	10
7	7	49	0.1479591836734693	70	10
2	1	2		70	11
3	1	3		70	11
4	1	4		70	11
5	1	5		70	11
6	1	6		70	11
7	1	7		70	11
2	2	4		70	11
3	2	6		70	11
4	2	8		70	11
5	2	10		70	11
6	2	12		70	11
7	2	14		70	11
2	3	6		70	11
3	3	9	0.4777777777777777	70	11
4	3	12	0.1999999999999999	70	11
5	3	15	0.3266666666666667	70	11
6	3	18	0.1975308641975308	70	11
7	3	21	0.164021164021164	70	11
2	4	8		70	11
3	4	12	0.5666666666666667	70	11
4	4	16	0.35625	70	11
5	4	20	0.325	70	11
6	4	24	0.225	70	11
7	4	28	0.1642857142857142	70	11
2	5	10		70	11
3	5	15	0.5	70	11
4	5	20	0.255	70	11
5	5	25	0.2844444444444444	70	11
6	5	30	0.25	70	11
7	5	35	0.1809523809523809	70	11
2	6	12		70	11
3	6	18	0.5222222222222223	70	11
4	6	24	0.324074074074074	70	11
5	6	30	0.1703703703703703	70	11
6	6	36	0.1512345679012345	70	11
7	6	42	0.1772486772486772	70	11
2	7	14		70	11
3	7	21	0.3761904761904762	70	11
4	7	28	0.3285714285714285	70	11
5	7	35	0.2571428571428571	70	11
6	7	42	0.1857142857142857	70	11
7	7	49	0.1959183673469387	70	11
2	1	2		70	12
3	1	3		70	12
4	1	4		70	12
5	1	5		70	12
6	1	6		70	12
7	1	7		70	12
2	2	4		70	12
3	2	6		70	12
4	2	8		70	12
5	2	10		70	12
6	2	12		70	12
7	2	14		70	12
2	3	6		70	12
3	3	9	0.4777777777777777	70	12
4	3	12	0.3	70	12
5	3	15	0.2666666666666666	70	12
6	3	18	0.2222222222222222	70	12
7	3	21	0.1111111111111111	70	12
2	4	8		70	12
3	4	12	0.4583333333333333	70	12
4	4	16	0.2777777777777778	70	12
5	4	20	0.2875	70	12
6	4	24	0.1666666666666666	70	12
7	4	28	0.2071428571428571	70	12
2	5	10		70	12
3	5	15	0.5333333333333333	70	12
4	5	20	0.35	70	12
5	5	25	0.268	70	12
6	5	30	0.2185185185185185	70	12
7	5	35	0.1571428571428571	70	12
2	6	12		70	12
3	6	18	0.5166666666666667	70	12
4	6	24	0.2541666666666666	70	12
5	6	30	0.2333333333333333	70	12
6	6	36	0.1909722222222222	70	12
7	6	42	0.2083333333333333	70	12
2	7	14		70	12
3	7	21	0.4714285714285714	70	12
4	7	28	0.3	70	12
5	7	35	0.2285714285714285	70	12
6	7	42	0.1825396825396825	70	12
7	7	49	0.1224489795918367	70	12
2	1	2	0.9	70	1
3	1	3	0.9333333333333332	70	1
4	1	4	0.95	70	1
5	1	5	0.7	70	1
6	1	6	0.65	70	1
7	1	7	0.7301587301587301	70	1
2	2	4	1.0	70	1
3	2	6	0.7833333333333333	70	1
4	2	8	0.7083333333333334	70	1
5	2	10	0.41	70	1
6	2	12	0.3888888888888889	70	1
7	2	14	0.3642857142857142	70	1
2	3	6	1.0	70	1
3	3	9	0.7888888888888889	70	1
4	3	12	0.4833333333333333	70	1
5	3	15	0.362962962962963	70	1
6	3	18	0.4111111111111111	70	1
7	3	21	0.2486772486772487	70	1
2	4	8	1.0	70	1
3	4	12	0.65	70	1
4	4	16	0.4625	70	1
5	4	20	0.4599999999999999	70	1
6	4	24	0.412037037037037	70	1
7	4	28	0.3015873015873015	70	1
2	5	10	0.96	70	1
3	5	15	0.6	70	1
4	5	20	0.5650000000000001	70	1
5	5	25	0.3428571428571428	70	1
6	5	30	0.3033333333333333	70	1
7	5	35	0.2628571428571428	70	1
2	6	12	0.9416666666666668	70	1
3	6	18	0.6666666666666666	70	1
4	6	24	0.4305555555555556	70	1
5	6	30	0.3481481481481481	70	1
6	6	36	0.3086419753086419	70	1
7	6	42	0.2592592592592592	70	1
2	7	14	0.9285714285714286	70	1
3	7	21	0.6619047619047619	70	1
4	7	28	0.4285714285714285	70	1
5	7	35	0.3114285714285714	70	1
6	7	42	0.2809523809523809	70	1
7	7	49	0.2448979591836734	70	1
2	1	2		70	2
3	1	3	0.9	70	2
4	1	4	0.725	70	2
5	1	5	0.8400000000000001	70	2
6	1	6	0.5666666666666667	70	2
7	1	7	0.4428571428571429	70	2
2	2	4		70	2
3	2	6	0.5833333333333334	70	2
4	2	8	0.5875	70	2
5	2	10	0.37	70	2
6	2	12	0.4166666666666667	70	2
7	2	14	0.4285714285714285	70	2
2	3	6		70	2
3	3	9	0.5888888888888889	70	2
4	3	12	0.5462962962962963	70	2
5	3	15	0.437037037037037	70	2
6	3	18	0.3833333333333333	70	2
7	3	21	0.2559523809523809	70	2
2	4	8		70	2
3	4	12	0.5833333333333334	70	2
4	4	16	0.3375	70	2
5	4	20	0.39	70	2
6	4	24	0.3291666666666666	70	2
7	4	28	0.2222222222222222	70	2
2	5	10		70	2
3	5	15	0.4444444444444445	70	2
4	5	20	0.4549999999999999	70	2
5	5	25	0.3377777777777778	70	2
6	5	30	0.31	70	2
7	5	35	0.2314285714285714	70	2
2	6	12		70	2
3	6	18	0.4833333333333333	70	2
4	6	24	0.4916666666666667	70	2
5	6	30	0.29	70	2
6	6	36	0.2277777777777777	70	2
7	6	42	0.2047619047619047	70	2
2	7	14		70	2
3	7	21	0.5857142857142857	70	2
4	7	28	0.3888888888888889	70	2
5	7	35	0.3114285714285714	70	2
6	7	42	0.246031746031746	70	2
7	7	49	0.2061224489795918	70	2
2	1	2	1.0	70	3
3	1	3	0.8666666666666667	70	3
4	1	4	0.675	70	3
5	1	5	0.7	70	3
6	1	6	0.75	70	3
7	1	7	0.6	70	3
2	2	4	0.9	70	3
3	2	6	0.5833333333333334	70	3
4	2	8	0.575	70	3
5	2	10	0.49	70	3
6	2	12	0.4166666666666667	70	3
7	2	14	0.25	70	3
2	3	6	0.9	70	3
3	3	9	0.7333333333333333	70	3
4	3	12	0.5166666666666667	70	3
5	3	15	0.3533333333333333	70	3
6	3	18	0.3555555555555555	70	3
7	3	21	0.2904761904761904	70	3
2	4	8	0.85	70	3
3	4	12	0.5166666666666667	70	3
4	4	16	0.575	70	3
5	4	20	0.3555555555555555	70	3
6	4	24	0.3708333333333333	70	3
7	4	28	0.2366071428571428	70	3
2	5	10	0.8800000000000001	70	3
3	5	15	0.5333333333333333	70	3
4	5	20	0.5166666666666667	70	3
5	5	25	0.4	70	3
6	5	30	0.2592592592592592	70	3
7	5	35	0.2028571428571428	70	3
2	6	12	0.85	70	3
3	6	18	0.4166666666666667	70	3
4	6	24	0.3541666666666667	70	3
5	6	30	0.2791666666666667	70	3
6	6	36	0.2067901234567901	70	3
7	6	42	0.1976190476190476	70	3
2	7	14	0.8142857142857143	70	3
3	7	21	0.5761904761904761	70	3
4	7	28	0.4126984126984127	70	3
5	7	35	0.2914285714285714	70	3
6	7	42	0.2714285714285714	70	3
7	7	49	0.2040816326530612	70	3
2	1	2	0.9	70	4
3	1	3	0.7666666666666666	70	4
4	1	4	0.6	70	4
5	1	5	0.8	70	4
6	1	6	0.6166666666666667	70	4
7	1	7	0.6031746031746031	70	4
2	2	4	1.0	70	4
3	2	6	0.6666666666666666	70	4
4	2	8	0.5625	70	4
5	2	10	0.49	70	4
6	2	12	0.375	70	4
7	2	14	0.3928571428571428	70	4
2	3	6	0.9666666666666668	70	4
3	3	9	0.5972222222222222	70	4
4	3	12	0.5416666666666666	70	4
5	3	15	0.3703703703703703	70	4
6	3	18	0.2777777777777778	70	4
7	3	21	0.3476190476190476	70	4
2	4	8	0.975	70	4
3	4	12	0.5416666666666666	70	4
4	4	16	0.3194444444444444	70	4
5	4	20	0.45	70	4
6	4	24	0.359375	70	4
7	4	28	0.2678571428571428	70	4
2	5	10	0.8800000000000001	70	4
3	5	15	0.5399999999999999	70	4
4	5	20	0.38	70	4
5	5	25	0.2755555555555555	70	4
6	5	30	0.2566666666666666	70	4
7	5	35	0.2371428571428571	70	4
2	6	12	0.8250000000000001	70	4
3	6	18	0.5166666666666667	70	4
4	6	24	0.4375	70	4
5	6	30	0.32	70	4
6	6	36	0.2222222222222222	70	4
7	6	42	0.2071428571428571	70	4
2	7	14	0.9523809523809524	70	4
3	7	21	0.5809523809523809	70	4
4	7	28	0.3293650793650793	70	4
5	7	35	0.3257142857142857	70	4
6	7	42	0.2172619047619047	70	4
7	7	49	0.2183673469387755	70	4
2	1	2	1.0	70	5
3	1	3	1.0	70	5
4	1	4	0.725	70	5
5	1	5	0.58	70	5
6	1	6	0.7000000000000001	70	5
7	1	7	0.7142857142857143	70	5
2	2	4	1.0	70	5
3	2	6	0.8333333333333334	70	5
4	2	8	0.4875	70	5
5	2	10	0.45	70	5
6	2	12	0.45	70	5
7	2	14	0.3285714285714285	70	5
2	3	6	0.9	70	5
3	3	9	0.7222222222222222	70	5
4	3	12	0.4537037037037037	70	5
5	3	15	0.5133333333333333	70	5
6	3	18	0.3222222222222222	70	5
7	3	21	0.3015873015873015	70	5
2	4	8	0.9	70	5
3	4	12	0.8083333333333332	70	5
4	4	16	0.39375	70	5
5	4	20	0.305	70	5
6	4	24	0.2824074074074074	70	5
7	4	28	0.2723214285714285	70	5
2	5	10	0.9	70	5
3	5	15	0.6733333333333333	70	5
4	5	20	0.485	70	5
5	5	25	0.376	70	5
6	5	30	0.2666666666666666	70	5
7	5	35	0.2114285714285714	70	5
2	6	12	0.9583333333333334	70	5
3	6	18	0.5555555555555556	70	5
4	6	24	0.425	70	5
5	6	30	0.3074074074074074	70	5
6	6	36	0.3166666666666666	70	5
7	6	42	0.1761904761904762	70	5
2	7	14	0.9142857142857144	70	5
3	7	21	0.6285714285714286	70	5
4	7	28	0.4444444444444445	70	5
5	7	35	0.346031746031746	70	5
6	7	42	0.2571428571428572	70	5
7	7	49	0.2551020408163265	70	5
2	1	2		70	6
3	1	3		70	6
4	1	4		70	6
5	1	5		70	6
6	1	6		70	6
7	1	7		70	6
2	2	4	0.975	70	6
3	2	6	0.8333333333333334	70	6
4	2	8	0.625	70	6
5	2	10	0.4777777777777777	70	6
6	2	12	0.3166666666666666	70	6
7	2	14	0.3142857142857143	70	6
2	3	6	1.0	70	6
3	3	9	0.5802469135802469	70	6
4	3	12	0.425	70	6
5	3	15	0.362962962962963	70	6
6	3	18	0.3555555555555555	70	6
7	3	21	0.2539682539682539	70	6
2	4	8	0.975	70	6
3	4	12	0.5083333333333333	70	6
4	4	16	0.5069444444444444	70	6
5	4	20	0.3388888888888889	70	6
6	4	24	0.3333333333333333	70	6
7	4	28	0.25	70	6
2	5	10	0.9	70	6
3	5	15	0.56	70	6
4	5	20	0.43	70	6
5	5	25	0.365	70	6
6	5	30	0.3266666666666667	70	6
7	5	35	0.2158730158730158	70	6
2	6	12	0.8333333333333334	70	6
3	6	18	0.5833333333333334	70	6
4	6	24	0.3666666666666667	70	6
5	6	30	0.3166666666666666	70	6
6	6	36	0.2333333333333333	70	6
7	6	42	0.2571428571428572	70	6
2	7	14	0.7642857142857142	70	6
3	7	21	0.6047619047619047	70	6
4	7	28	0.3964285714285714	70	6
5	7	35	0.2771428571428571	70	6
6	7	42	0.2642857142857143	70	6
7	7	49	0.1785714285714285	70	6
2	1	2		70	7
3	1	3	1.0	70	7
4	1	4	0.725	70	7
5	1	5	0.72	70	7
6	1	6	0.25	70	7
7	1	7	0.4603174603174603	70	7
2	2	4		70	7
3	2	6	0.65	70	7
4	2	8	0.6666666666666666	70	7
5	2	10	0.5	70	7
6	2	12	0.2685185185185185	70	7
7	2	14	0.2653061224489796	70	7
2	3	6		70	7
3	3	9	0.8111111111111111	70	7
4	3	12	0.5333333333333333	70	7
5	3	15	0.3933333333333333	70	7
6	3	18	0.3277777777777778	70	7
7	3	21	0.3238095238095238	70	7
2	4	8		70	7
3	4	12	0.5750000000000001	70	7
4	4	16	0.4375	70	7
5	4	20	0.42	70	7
6	4	24	0.2541666666666666	70	7
7	4	28	0.2658730158730158	70	7
2	5	10		70	7
3	5	15	0.474074074074074	70	7
4	5	20	0.49	70	7
5	5	25	0.408	70	7
6	5	30	0.2466666666666666	70	7
7	5	35	0.22	70	7
2	6	12		70	7
3	6	18	0.55	70	7
4	6	24	0.4166666666666667	70	7
5	6	30	0.3037037037037037	70	7
6	6	36	0.3027777777777778	70	7
7	6	42	0.238095238095238	70	7
2	7	14		70	7
3	7	21	0.5333333333333333	70	7
4	7	28	0.376984126984127	70	7
5	7	35	0.2971428571428571	70	7
6	7	42	0.2354497354497354	70	7
7	7	49	0.1877551020408163	70	7
2	1	2	1.0	70	8
3	1	3	0.8333333333333334	70	8
4	1	4	0.375	70	8
5	1	5	0.64	70	8
6	1	6	0.3333333333333333	70	8
7	1	7	0.3428571428571428	70	8
2	2	4	0.85	70	8
3	2	6	0.7666666666666666	70	8
4	2	8	0.5	70	8
5	2	10	0.51	70	8
6	2	12	0.2592592592592592	70	8
7	2	14	0.3412698412698413	70	8
2	3	6	0.7999999999999999	70	8
3	3	9	0.5888888888888889	70	8
4	3	12	0.45	70	8
5	3	15	0.4933333333333333	70	8
6	3	18	0.3395061728395061	70	8
7	3	21	0.1851851851851851	70	8
2	4	8	0.8875	70	8
3	4	12	0.5750000000000001	70	8
4	4	16	0.44375	70	8
5	4	20	0.3299999999999999	70	8
6	4	24	0.2552083333333333	70	8
7	4	28	0.25	70	8
2	5	10	0.8400000000000001	70	8
3	5	15	0.5866666666666667	70	8
4	5	20	0.4277777777777777	70	8
5	5	25	0.3	70	8
6	5	30	0.2466666666666666	70	8
7	5	35	0.2142857142857142	70	8
2	6	12	0.8333333333333334	70	8
3	6	18	0.5555555555555556	70	8
4	6	24	0.3287037037037037	70	8
5	6	30	0.2814814814814815	70	8
6	6	36	0.1861111111111111	70	8
7	6	42	0.181547619047619	70	8
2	7	14	0.8428571428571429	70	8
3	7	21	0.5523809523809524	70	8
4	7	28	0.35	70	8
5	7	35	0.3057142857142857	70	8
6	7	42	0.2428571428571428	70	8
7	7	49	0.2099125364431487	70	8
2	1	2		70	9
3	1	3		70	9
4	1	4		70	9
5	1	5		70	9
6	1	6		70	9
7	1	7		70	9
2	2	4	0.85	70	9
3	2	6	0.5952380952380952	70	9
4	2	8	0.46875	70	9
5	2	10	0.55	70	9
6	2	12	0.3796296296296296	70	9
7	2	14	0.2714285714285714	70	9
2	3	6	0.95	70	9
3	3	9	0.5666666666666667	70	9
4	3	12	0.4166666666666667	70	9
5	3	15	0.3333333333333333	70	9
6	3	18	0.2388888888888888	70	9
7	3	21	0.2571428571428572	70	9
2	4	8	0.875	70	9
3	4	12	0.45	70	9
4	4	16	0.375	70	9
5	4	20	0.335	70	9
6	4	24	0.3101851851851852	70	9
7	4	28	0.2678571428571428	70	9
2	5	10	0.86	70	9
3	5	15	0.56	70	9
4	5	20	0.285	70	9
5	5	25	0.344	70	9
6	5	30	0.2466666666666666	70	9
7	5	35	0.2253968253968254	70	9
2	6	12	0.6833333333333332	70	9
3	6	18	0.55	70	9
4	6	24	0.3	70	9
5	6	30	0.2766666666666666	70	9
6	6	36	0.2407407407407407	70	9
7	6	42	0.1851851851851851	70	9
2	7	14	0.7428571428571429	70	9
3	7	21	0.5380952380952382	70	9
4	7	28	0.3095238095238095	70	9
5	7	35	0.2657142857142857	70	9
6	7	42	0.2095238095238095	70	9
7	7	49	0.1714285714285714	70	9
2	1	2		70	10
3	1	3		70	10
4	1	4		70	10
5	1	5		70	10
6	1	6		70	10
7	1	7		70	10
2	2	4		70	10
3	2	6		70	10
4	2	8		70	10
5	2	10		70	10
6	2	12		70	10
7	2	14		70	10
2	3	6		70	10
3	3	9	0.5925925925925926	70	10
4	3	12	0.425	70	10
5	3	15	0.2533333333333333	70	10
6	3	18	0.2333333333333333	70	10
7	3	21	0.2714285714285714	70	10
2	4	8		70	10
3	4	12	0.5666666666666667	70	10
4	4	16	0.375	70	10
5	4	20	0.32	70	10
6	4	24	0.35	70	10
7	4	28	0.2357142857142857	70	10
2	5	10		70	10
3	5	15	0.5466666666666666	70	10
4	5	20	0.2833333333333333	70	10
5	5	25	0.34	70	10
6	5	30	0.1766666666666666	70	10
7	5	35	0.1914285714285714	70	10
2	6	12		70	10
3	6	18	0.5111111111111111	70	10
4	6	24	0.4166666666666667	70	10
5	6	30	0.3	70	10
6	6	36	0.2469135802469136	70	10
7	6	42	0.1571428571428571	70	10
2	7	14		70	10
3	7	21	0.4952380952380952	70	10
4	7	28	0.35	70	10
5	7	35	0.2285714285714285	70	10
6	7	42	0.2354497354497354	70	10
7	7	49	0.1918367346938775	70	10
2	1	2		70	11
3	1	3		70	11
4	1	4		70	11
5	1	5		70	11
6	1	6		70	11
7	1	7		70	11
2	2	4		70	11
3	2	6		70	11
4	2	8		70	11
5	2	10		70	11
6	2	12		70	11
7	2	14		70	11
2	3	6		70	11
3	3	9	0.6333333333333333	70	11
4	3	12	0.3833333333333333	70	11
5	3	15	0.3933333333333333	70	11
6	3	18	0.2944444444444444	70	11
7	3	21	0.2857142857142857	70	11
2	4	8		70	11
3	4	12	0.65	70	11
4	4	16	0.4930555555555556	70	11
5	4	20	0.315	70	11
6	4	24	0.2416666666666666	70	11
7	4	28	0.2678571428571428	70	11
2	5	10		70	11
3	5	15	0.4266666666666667	70	11
4	5	20	0.3555555555555555	70	11
5	5	25	0.335	70	11
6	5	30	0.2533333333333333	70	11
7	5	35	0.24	70	11
2	6	12		70	11
3	6	18	0.5694444444444444	70	11
4	6	24	0.3625	70	11
5	6	30	0.2533333333333333	70	11
6	6	36	0.3194444444444444	70	11
7	6	42	0.2619047619047619	70	11
2	7	14		70	11
3	7	21	0.5095238095238095	70	11
4	7	28	0.3107142857142856	70	11
5	7	35	0.2857142857142857	70	11
6	7	42	0.2309523809523809	70	11
7	7	49	0.1224489795918367	70	11
2	1	2		70	12
3	1	3		70	12
4	1	4		70	12
5	1	5		70	12
6	1	6		70	12
7	1	7		70	12
2	2	4		70	12
3	2	6		70	12
4	2	8		70	12
5	2	10		70	12
6	2	12		70	12
7	2	14		70	12
2	3	6		70	12
3	3	9	0.5888888888888889	70	12
4	3	12	0.4166666666666667	70	12
5	3	15	0.2814814814814815	70	12
6	3	18	0.3	70	12
7	3	21	0.2	70	12
2	4	8		70	12
3	4	12	0.5499999999999999	70	12
4	4	16	0.35	70	12
5	4	20	0.31	70	12
6	4	24	0.2333333333333333	70	12
7	4	28	0.1928571428571428	70	12
2	5	10		70	12
3	5	15	0.4866666666666666	70	12
4	5	20	0.305	70	12
5	5	25	0.268	70	12
6	5	30	0.2666666666666666	70	12
7	5	35	0.2035714285714285	70	12
2	6	12		70	12
3	6	18	0.5388888888888889	70	12
4	6	24	0.3020833333333333	70	12
5	6	30	0.26	70	12
6	6	36	0.2006172839506173	70	12
7	6	42	0.1476190476190476	70	12
2	7	14		70	12
3	7	21	0.5380952380952382	70	12
4	7	28	0.3107142857142856	70	12
5	7	35	0.2514285714285714	70	12
6	7	42	0.2195767195767195	70	12
7	7	49	0.1224489795918367	70	12
2	1	2	0.85	8	1
3	1	3	0.5666666666666667	8	1
4	1	4	0.3888888888888889	8	1
5	1	5	0.4	8	1
6	1	6	0.1999999999999999	8	1
7	1	7	0.2857142857142857	8	1
2	2	4	0.53125	8	1
3	2	6	0.5	8	1
4	2	8	0.390625	8	1
5	2	10	0.1111111111111111	8	1
6	2	12	0.0625	8	1
7	2	14	0.0892857142857142	8	1
2	3	6	0.6666666666666666	8	1
3	3	9	0.4722222222222222	8	1
4	3	12	0.1666666666666666	8	1
5	3	15	0.25	8	1
6	3	18	0.1111111111111111	8	1
7	3	21	0.0857142857142857	8	1
2	4	8	0.5694444444444444	8	1
3	4	12	0.4047619047619047	8	1
4	4	16	0.34375	8	1
5	4	20	0.25	8	1
6	4	24	0.2333333333333333	8	1
7	4	28	0.175	8	1
2	5	10	0.65	8	1
3	5	15	0.474074074074074	8	1
4	5	20	0.225	8	1
5	5	25	0.252	8	1
6	5	30	0.23	8	1
7	5	35	0.1555555555555555	8	1
2	6	12	0.6666666666666666	8	1
3	6	18	0.4753086419753086	8	1
4	6	24	0.2731481481481481	8	1
5	6	30	0.1933333333333333	8	1
6	6	36	0.1666666666666666	8	1
7	6	42	0.1214285714285714	8	1
2	7	14	0.5793650793650793	8	1
3	7	21	0.4081632653061224	8	1
4	7	28	0.2571428571428572	8	1
5	7	35	0.2342857142857142	8	1
6	7	42	0.1547619047619047	8	1
7	7	49	0.1632653061224489	8	1
2	1	2		8	2
3	1	3	0.4666666666666666	8	2
4	1	4	0.275	8	2
5	1	5	0.4666666666666667	8	2
6	1	6	0.1666666666666666	8	2
7	1	7	0.2714285714285714	8	2
2	2	4		8	2
3	2	6	0.4074074074074074	8	2
4	2	8	0.275	8	2
5	2	10	0.1	8	2
6	2	12	0.1071428571428571	8	2
7	2	14	0.0714285714285714	8	2
2	3	6		8	2
3	3	9	0.3194444444444444	8	2
4	3	12	0.3645833333333333	8	2
5	3	15	0.1888888888888889	8	2
6	3	18	0.1419753086419753	8	2
7	3	21	0.1904761904761904	8	2
2	4	8		8	2
3	4	12	0.4074074074074074	8	2
4	4	16	0.2767857142857143	8	2
5	4	20	0.2055555555555555	8	2
6	4	24	0.1342592592592592	8	2
7	4	28	0.1464285714285714	8	2
2	5	10		8	2
3	5	15	0.3555555555555555	8	2
4	5	20	0.2666666666666666	8	2
5	5	25	0.19	8	2
6	5	30	0.18	8	2
7	5	35	0.1571428571428571	8	2
2	6	12		8	2
3	6	18	0.4055555555555555	8	2
4	6	24	0.234375	8	2
5	6	30	0.2703703703703703	8	2
6	6	36	0.2138888888888889	8	2
7	6	42	0.1428571428571428	8	2
2	7	14		8	2
3	7	21	0.3809523809523809	8	2
4	7	28	0.2321428571428571	8	2
5	7	35	0.2	8	2
6	7	42	0.2195767195767195	8	2
7	7	49	0.1673469387755101	8	2
2	1	2	0.4	8	3
3	1	3	0.3333333333333333	8	3
4	1	4	0.2222222222222222	8	3
5	1	5	0.1777777777777777	8	3
6	1	6	0.0555555555555555	8	3
7	1	7	0.1428571428571428	8	3
2	2	4	0.65	8	3
3	2	6	0.2222222222222222	8	3
4	2	8	0.2125	8	3
5	2	10	0.1699999999999999	8	3
6	2	12	0.1333333333333333	8	3
7	2	14	0.0555555555555555	8	3
2	3	6	0.7666666666666666	8	3
3	3	9	0.5972222222222222	8	3
4	3	12	0.2833333333333333	8	3
5	3	15	0.0857142857142857	8	3
6	3	18	0.191358024691358	8	3
7	3	21	0.1360544217687075	8	3
2	4	8	0.5277777777777778	8	3
3	4	12	0.4270833333333333	8	3
4	4	16	0.2847222222222222	8	3
5	4	20	0.1714285714285714	8	3
6	4	24	0.2083333333333333	8	3
7	4	28	0.1547619047619047	8	3
2	5	10	0.4375	8	3
3	5	15	0.3733333333333333	8	3
4	5	20	0.26	8	3
5	5	25	0.216	8	3
6	5	30	0.23	8	3
7	5	35	0.1457142857142857	8	3
2	6	12	0.4074074074074074	8	3
3	6	18	0.2916666666666667	8	3
4	6	24	0.2291666666666666	8	3
5	6	30	0.23	8	3
6	6	36	0.1861111111111111	8	3
7	6	42	0.1577380952380952	8	3
2	7	14	0.5285714285714286	8	3
3	7	21	0.3428571428571428	8	3
4	7	28	0.2392857142857143	8	3
5	7	35	0.2228571428571428	8	3
6	7	42	0.1833333333333333	8	3
7	7	49	0.1408163265306122	8	3
2	1	2	0.75	8	4
3	1	3	0.4666666666666666	8	4
4	1	4	0.225	8	4
5	1	5	0.3	8	4
6	1	6	0.0925925925925926	8	4
7	1	7	0.2285714285714286	8	4
2	2	4	0.7857142857142857	8	4
3	2	6	0.1666666666666666	8	4
4	2	8	0.1875	8	4
5	2	10	0.2	8	4
6	2	12	0.0833333333333333	8	4
7	2	14	0.0803571428571428	8	4
2	3	6	0.5555555555555556	8	4
3	3	9	0.3611111111111111	8	4
4	3	12	0.3425925925925925	8	4
5	3	15	0.2333333333333333	8	4
6	3	18	0.246031746031746	8	4
7	3	21	0.1785714285714285	8	4
2	4	8	0.675	8	4
3	4	12	0.3416666666666666	8	4
4	4	16	0.3203125	8	4
5	4	20	0.2444444444444444	8	4
6	4	24	0.2083333333333333	8	4
7	4	28	0.1746031746031746	8	4
2	5	10	0.5888888888888889	8	4
3	5	15	0.4066666666666666	8	4
4	5	20	0.335	8	4
5	5	25	0.3	8	4
6	5	30	0.1533333333333333	8	4
7	5	35	0.1785714285714285	8	4
2	6	12	0.5583333333333333	8	4
3	6	18	0.3555555555555555	8	4
4	6	24	0.2791666666666667	8	4
5	6	30	0.24	8	4
6	6	36	0.2037037037037037	8	4
7	6	42	0.1619047619047619	8	4
2	7	14	0.5	8	4
3	7	21	0.4285714285714285	8	4
4	7	28	0.2464285714285714	8	4
5	7	35	0.2314285714285714	8	4
6	7	42	0.1952380952380952	8	4
7	7	49	0.1814058956916099	8	4
2	1	2	0.7	8	5
3	1	3	0.5666666666666667	8	5
4	1	4	0.2857142857142857	8	5
5	1	5	0.3142857142857143	8	5
6	1	6	0.3166666666666666	8	5
7	1	7	0.0634920634920634	8	5
2	2	4	0.6944444444444444	8	5
3	2	6	0.3333333333333333	8	5
4	2	8	0.3125	8	5
5	2	10	0.0699999999999999	8	5
6	2	12	0.1071428571428571	8	5
7	2	14	0.0510204081632653	8	5
2	3	6	0.5833333333333334	8	5
3	3	9	0.4333333333333333	8	5
4	3	12	0.2738095238095238	8	5
5	3	15	0.2666666666666666	8	5
6	3	18	0.2063492063492063	8	5
7	3	21	0.1785714285714285	8	5
2	4	8	0.6944444444444444	8	5
3	4	12	0.4537037037037037	8	5
4	4	16	0.2109375	8	5
5	4	20	0.2777777777777778	8	5
6	4	24	0.21875	8	5
7	4	28	0.2142857142857142	8	5
2	5	10	0.64	8	5
3	5	15	0.4	8	5
4	5	20	0.2444444444444444	8	5
5	5	25	0.244	8	5
6	5	30	0.1629629629629629	8	5
7	5	35	0.1485714285714285	8	5
2	6	12	0.65	8	5
3	6	18	0.4382716049382716	8	5
4	6	24	0.2791666666666667	8	5
5	6	30	0.23	8	5
6	6	36	0.2006172839506173	8	5
7	6	42	0.1719576719576719	8	5
2	7	14	0.6928571428571428	8	5
3	7	21	0.3511904761904761	8	5
4	7	28	0.2821428571428571	8	5
5	7	35	0.2085714285714285	8	5
6	7	42	0.1613756613756613	8	5
7	7	49	0.1383219954648526	8	5
2	1	2		8	6
3	1	3		8	6
4	1	4		8	6
5	1	5		8	6
6	1	6		8	6
7	1	7		8	6
2	2	4	0.575	8	6
3	2	6	0.3833333333333333	8	6
4	2	8	0.3055555555555556	8	6
5	2	10	0.2111111111111111	8	6
6	2	12	0.0833333333333333	8	6
7	2	14	0.0357142857142857	8	6
2	3	6	0.7166666666666667	8	6
3	3	9	0.3555555555555555	8	6
4	3	12	0.2291666666666666	8	6
5	3	15	0.219047619047619	8	6
6	3	18	0.2333333333333333	8	6
7	3	21	0.2	8	6
2	4	8	0.675	8	6
3	4	12	0.4444444444444444	8	6
4	4	16	0.2265625	8	6
5	4	20	0.205	8	6
6	4	24	0.1759259259259259	8	6
7	4	28	0.1836734693877551	8	6
2	5	10	0.5599999999999999	8	6
3	5	15	0.3333333333333333	8	6
4	5	20	0.3166666666666666	8	6
5	5	25	0.2319999999999999	8	6
6	5	30	0.2333333333333333	8	6
7	5	35	0.1642857142857142	8	6
2	6	12	0.5916666666666667	8	6
3	6	18	0.4222222222222222	8	6
4	6	24	0.2791666666666667	8	6
5	6	30	0.2366666666666666	8	6
6	6	36	0.1626984126984126	8	6
7	6	42	0.1547619047619047	8	6
2	7	14	0.4714285714285714	8	6
3	7	21	0.3862433862433862	8	6
4	7	28	0.2785714285714286	8	6
5	7	35	0.2114285714285714	8	6
6	7	42	0.169047619047619	8	6
7	7	49	0.1545189504373177	8	6
2	1	2		8	7
3	1	3	0.3333333333333333	8	7
4	1	4	0.4285714285714285	8	7
5	1	5	0.1777777777777777	8	7
6	1	6	0.074074074074074	8	7
7	1	7	0.1269841269841269	8	7
2	2	4		8	7
3	2	6	0.7142857142857143	8	7
4	2	8	0.1111111111111111	8	7
5	2	10	0.1714285714285714	8	7
6	2	12	0.0208333333333333	8	7
7	2	14	0.1428571428571428	8	7
2	3	6		8	7
3	3	9	0.5	8	7
4	3	12	0.25	8	7
5	3	15	0.2833333333333333	8	7
6	3	18	0.1111111111111111	8	7
7	3	21	0.1836734693877551	8	7
2	4	8		8	7
3	4	12	0.3981481481481481	8	7
4	4	16	0.1597222222222222	8	7
5	4	20	0.2357142857142857	8	7
6	4	24	0.2083333333333333	8	7
7	4	28	0.1944444444444444	8	7
2	5	10		8	7
3	5	15	0.4066666666666666	8	7
4	5	20	0.2625	8	7
5	5	25	0.2	8	7
6	5	30	0.1555555555555555	8	7
7	5	35	0.1183673469387755	8	7
2	6	12		8	7
3	6	18	0.3888888888888889	8	7
4	6	24	0.3916666666666666	8	7
5	6	30	0.2629629629629629	8	7
6	6	36	0.1944444444444444	8	7
7	6	42	0.1517857142857142	8	7
2	7	14		8	7
3	7	21	0.3761904761904762	8	7
4	7	28	0.275	8	7
5	7	35	0.2314285714285714	8	7
6	7	42	0.1952380952380952	8	7
7	7	49	0.1301020408163265	8	7
2	1	2	0.7142857142857143	8	8
3	1	3	0.3333333333333333	8	8
4	1	4	0.35	8	8
5	1	5	0.1111111111111111	8	8
6	1	6	0.0999999999999999	8	8
7	1	7	0.1428571428571428	8	8
2	2	4	0.7777777777777778	8	8
3	2	6	0.1999999999999999	8	8
4	2	8	0.2291666666666666	8	8
5	2	10	0.1875	8	8
6	2	12	0.09375	8	8
7	2	14	0.0	8	8
2	3	6	0.7333333333333334	8	8
3	3	9	0.4285714285714286	8	8
4	3	12	0.2261904761904762	8	8
5	3	15	0.1555555555555555	8	8
6	3	18	0.2222222222222222	8	8
7	3	21	0.1428571428571428	8	8
2	4	8	0.7222222222222222	8	8
3	4	12	0.4166666666666667	8	8
4	4	16	0.30625	8	8
5	4	20	0.255	8	8
6	4	24	0.1964285714285714	8	8
7	4	28	0.1836734693877551	8	8
2	5	10	0.4875	8	8
3	5	15	0.4	8	8
4	5	20	0.32	8	8
5	5	25	0.188	8	8
6	5	30	0.1925925925925926	8	8
7	5	35	0.1714285714285714	8	8
2	6	12	0.6296296296296297	8	8
3	6	18	0.4333333333333333	8	8
4	6	24	0.3041666666666666	8	8
5	6	30	0.2148148148148148	8	8
6	6	36	0.1666666666666666	8	8
7	6	42	0.1380952380952381	8	8
2	7	14	0.6142857142857142	8	8
3	7	21	0.3857142857142857	8	8
4	7	28	0.2392857142857143	8	8
5	7	35	0.1914285714285714	8	8
6	7	42	0.2083333333333333	8	8
7	7	49	0.1122448979591836	8	8
2	1	2		8	9
3	1	3		8	9
4	1	4		8	9
5	1	5		8	9
6	1	6		8	9
7	1	7		8	9
2	2	4	0.5	8	9
3	2	6	0.2916666666666667	8	9
4	2	8	0.2916666666666667	8	9
5	2	10	0.1571428571428571	8	9
6	2	12	0.0	8	9
7	2	14	0.0306122448979591	8	9
2	3	6	0.7333333333333334	8	9
3	3	9	0.3148148148148148	8	9
4	3	12	0.2916666666666667	8	9
5	3	15	0.2296296296296296	8	9
6	3	18	0.074074074074074	8	9
7	3	21	0.1428571428571428	8	9
2	4	8	0.6875	8	9
3	4	12	0.3425925925925925	8	9
4	4	16	0.275	8	9
5	4	20	0.2388888888888888	8	9
6	4	24	0.1822916666666666	8	9
7	4	28	0.1428571428571428	8	9
2	5	10	0.5700000000000001	8	9
3	5	15	0.3333333333333333	8	9
4	5	20	0.2222222222222222	8	9
5	5	25	0.184	8	9
6	5	30	0.1791666666666666	8	9
7	5	35	0.1428571428571428	8	9
2	6	12	0.5370370370370371	8	9
3	6	18	0.4555555555555555	8	9
4	6	24	0.25	8	9
5	6	30	0.1703703703703703	8	9
6	6	36	0.1611111111111111	8	9
7	6	42	0.1481481481481481	8	9
2	7	14	0.45	8	9
3	7	21	0.3756613756613757	8	9
4	7	28	0.2321428571428571	8	9
5	7	35	0.1928571428571428	8	9
6	7	42	0.1851851851851851	8	9
7	7	49	0.1326530612244898	8	9
2	1	2		8	10
3	1	3		8	10
4	1	4		8	10
5	1	5		8	10
6	1	6		8	10
7	1	7		8	10
2	2	4		8	10
3	2	6		8	10
4	2	8		8	10
5	2	10		8	10
6	2	12		8	10
7	2	14		8	10
2	3	6		8	10
3	3	9	0.4074074074074074	8	10
4	3	12	0.1851851851851852	8	10
5	3	15	0.1619047619047618	8	10
6	3	18	0.2962962962962963	8	10
7	3	21	0.1785714285714285	8	10
2	4	8		8	10
3	4	12	0.25	8	10
4	4	16	0.2777777777777778	8	10
5	4	20	0.2125	8	10
6	4	24	0.2222222222222222	8	10
7	4	28	0.1785714285714285	8	10
2	5	10		8	10
3	5	15	0.2833333333333333	8	10
4	5	20	0.32	8	10
5	5	25	0.3	8	10
6	5	30	0.1416666666666666	8	10
7	5	35	0.1392857142857143	8	10
2	6	12		8	10
3	6	18	0.3777777777777777	8	10
4	6	24	0.2291666666666666	8	10
5	6	30	0.18	8	10
6	6	36	0.1882716049382716	8	10
7	6	42	0.1428571428571428	8	10
2	7	14		8	10
3	7	21	0.4497354497354497	8	10
4	7	28	0.2976190476190476	8	10
5	7	35	0.2428571428571428	8	10
6	7	42	0.1547619047619047	8	10
7	7	49	0.1768707482993197	8	10
2	1	2		8	11
3	1	3		8	11
4	1	4		8	11
5	1	5		8	11
6	1	6		8	11
7	1	7		8	11
2	2	4		8	11
3	2	6		8	11
4	2	8		8	11
5	2	10		8	11
6	2	12		8	11
7	2	14		8	11
2	3	6		8	11
3	3	9	0.2777777777777778	8	11
4	3	12	0.2129629629629629	8	11
5	3	15	0.2380952380952381	8	11
6	3	18	0.2314814814814815	8	11
7	3	21	0.1587301587301587	8	11
2	4	8		8	11
3	4	12	0.4166666666666667	8	11
4	4	16	0.31875	8	11
5	4	20	0.2944444444444444	8	11
6	4	24	0.1708333333333333	8	11
7	4	28	0.1130952380952381	8	11
2	5	10		8	11
3	5	15	0.3851851851851852	8	11
4	5	20	0.2166666666666666	8	11
5	5	25	0.3028571428571428	8	11
6	5	30	0.2277777777777777	8	11
7	5	35	0.16	8	11
2	6	12		8	11
3	6	18	0.4055555555555555	8	11
4	6	24	0.3	8	11
5	6	30	0.1666666666666666	8	11
6	6	36	0.2388888888888888	8	11
7	6	42	0.1619047619047619	8	11
2	7	14		8	11
3	7	21	0.3666666666666667	8	11
4	7	28	0.2678571428571428	8	11
5	7	35	0.2071428571428571	8	11
6	7	42	0.2301587301587301	8	11
7	7	49	0.1479591836734693	8	11
2	1	2		8	12
3	1	3		8	12
4	1	4		8	12
5	1	5		8	12
6	1	6		8	12
7	1	7		8	12
2	2	4		8	12
3	2	6		8	12
4	2	8		8	12
5	2	10		8	12
6	2	12		8	12
7	2	14		8	12
2	3	6		8	12
3	3	9	0.3809523809523809	8	12
4	3	12	0.25	8	12
5	3	15	0.1583333333333333	8	12
6	3	18	0.1825396825396825	8	12
7	3	21	0.0714285714285714	8	12
2	4	8		8	12
3	4	12	0.4047619047619047	8	12
4	4	16	0.2625	8	12
5	4	20	0.2722222222222222	8	12
6	4	24	0.171875	8	12
7	4	28	0.0857142857142857	8	12
2	5	10		8	12
3	5	15	0.437037037037037	8	12
4	5	20	0.25	8	12
5	5	25	0.268	8	12
6	5	30	0.15	8	12
7	5	35	0.0897959183673469	8	12
2	6	12		8	12
3	6	18	0.3333333333333333	8	12
4	6	24	0.2791666666666667	8	12
5	6	30	0.2259259259259259	8	12
6	6	36	0.2256944444444444	8	12
7	6	42	0.1587301587301587	8	12
2	7	14		8	12
3	7	21	0.4761904761904761	8	12
4	7	28	0.2678571428571428	8	12
5	7	35	0.16	8	12
6	7	42	0.2047619047619047	8	12
7	7	49	0.0884353741496598	8	12
2	1	2	1.0	7	1
3	1	3	0.6666666666666666	7	1
4	1	4	0.4285714285714285	7	1
5	1	5	0.2	7	1
6	1	6	0.25	7	1
7	1	7	0.125	7	1
2	2	4	0.3333333333333333	7	1
3	2	6	0.3333333333333333	7	1
4	2	8	0.125	7	1
5	2	10	0.1333333333333333	7	1
6	2	12	0.1111111111111111	7	1
7	2	14	0.1142857142857143	7	1
2	3	6	0.9	7	1
3	3	9	0.2222222222222222	7	1
4	3	12	0.25	7	1
5	3	15	0.1222222222222222	7	1
6	3	18	0.1111111111111111	7	1
7	3	21	0.1156462585034013	7	1
2	4	8	0.4285714285714285	7	1
3	4	12	0.2708333333333333	7	1
4	4	16	0.21875	7	1
5	4	20	0.1125	7	1
6	4	24	0.0520833333333333	7	1
7	4	28	0.0928571428571428	7	1
2	5	10	0.3142857142857143	7	1
3	5	15	0.2	7	1
4	5	20	0.2214285714285714	7	1
5	5	25	0.1866666666666666	7	1
6	5	30	0.1222222222222222	7	1
7	5	35	0.2476190476190476	7	1
2	6	12	0.5238095238095238	7	1
3	6	18	0.2222222222222222	7	1
4	6	24	0.2083333333333333	7	1
5	6	30	0.1333333333333333	7	1
6	6	36	0.1851851851851852	7	1
7	6	42	0.0773809523809523	7	1
2	7	14	0.5	7	1
3	7	21	0.1904761904761904	7	1
4	7	28	0.1845238095238095	7	1
5	7	35	0.1619047619047619	7	1
6	7	42	0.1394557823129251	7	1
7	7	49	0.1326530612244898	7	1
2	1	2		7	2
3	1	3	0.25	7	2
4	1	4	0.25	7	2
5	1	5	0.2	7	2
6	1	6	0.125	7	2
7	1	7	0.2857142857142857	7	2
2	2	4		7	2
3	2	6	0.0952380952380952	7	2
4	2	8	0.2708333333333333	7	2
5	2	10	0.2	7	2
6	2	12	0.0499999999999999	7	2
7	2	14	0.119047619047619	7	2
2	3	6		7	2
3	3	9	0.2592592592592593	7	2
4	3	12	0.1805555555555555	7	2
5	3	15	0.1466666666666666	7	2
6	3	18	0.1481481481481481	7	2
7	3	21	0.0158730158730158	7	2
2	4	8		7	2
3	4	12	0.375	7	2
4	4	16	0.15625	7	2
5	4	20	0.1666666666666666	7	2
6	4	24	0.1666666666666666	7	2
7	4	28	0.1026785714285714	7	2
2	5	10		7	2
3	5	15	0.1777777777777777	7	2
4	5	20	0.26	7	2
5	5	25	0.144	7	2
6	5	30	0.0809523809523809	7	2
7	5	35	0.175	7	2
2	6	12		7	2
3	6	18	0.3222222222222222	7	2
4	6	24	0.1875	7	2
5	6	30	0.0	7	2
6	6	36	0.1111111111111111	7	2
7	6	42	0.115079365079365	7	2
2	7	14		7	2
3	7	21	0.2952380952380952	7	2
4	7	28	0.1309523809523809	7	2
5	7	35	0.1428571428571428	7	2
6	7	42	0.1369047619047619	7	2
7	7	49	0.0986394557823129	7	2
2	1	2	0.7142857142857143	7	3
3	1	3	0.2666666666666666	7	3
4	1	4	0.3333333333333333	7	3
5	1	5	0.3142857142857143	7	3
6	1	6	0.0833333333333333	7	3
7	1	7	0.1142857142857143	7	3
2	2	4	0.625	7	3
3	2	6	0.3	7	3
4	2	8	0.2	7	3
5	2	10	0.025	7	3
6	2	12	0.0833333333333333	7	3
7	2	14	0.0833333333333333	7	3
2	3	6	0.2083333333333333	7	3
3	3	9	0.2539682539682539	7	3
4	3	12	0.2083333333333333	7	3
5	3	15	0.2333333333333333	7	3
6	3	18	0.0555555555555555	7	3
7	3	21	0.0714285714285714	7	3
2	4	8	0.4166666666666667	7	3
3	4	12	0.25	7	3
4	4	16	0.2321428571428571	7	3
5	4	20	0.2	7	3
6	4	24	0.1583333333333333	7	3
7	4	28	0.1071428571428571	7	3
2	5	10	0.2777777777777778	7	3
3	5	15	0.3111111111111111	7	3
4	5	20	0.2416666666666666	7	3
5	5	25	0.096	7	3
6	5	30	0.0666666666666666	7	3
7	5	35	0.1	7	3
2	6	12	0.3541666666666667	7	3
3	6	18	0.2129629629629629	7	3
4	6	24	0.21875	7	3
5	6	30	0.0583333333333333	7	3
6	6	36	0.1157407407407407	7	3
7	6	42	0.1269841269841269	7	3
2	7	14	0.4285714285714285	7	3
3	7	21	0.2301587301587301	7	3
4	7	28	0.2182539682539682	7	3
5	7	35	0.1392857142857143	7	3
6	7	42	0.1020408163265306	7	3
7	7	49	0.0943877551020408	7	3
2	1	2	0.7777777777777778	7	4
3	1	3	0.3333333333333333	7	4
4	1	4	0.25	7	4
5	1	5	0.2857142857142857	7	4
6	1	6	0.2083333333333333	7	4
7	1	7	0.1071428571428571	7	4
2	2	4	0.65625	7	4
3	2	6	0.3958333333333333	7	4
4	2	8	0.1458333333333333	7	4
5	2	10	0.1666666666666666	7	4
6	2	12	0.2222222222222222	7	4
7	2	14	0.1904761904761904	7	4
2	3	6	0.5714285714285714	7	4
3	3	9	0.2777777777777778	7	4
4	3	12	0.4305555555555556	7	4
5	3	15	0.1833333333333333	7	4
6	3	18	0.1203703703703703	7	4
7	3	21	0.0476190476190476	7	4
2	4	8	0.35	7	4
3	4	12	0.2976190476190476	7	4
4	4	16	0.25	7	4
5	4	20	0.175	7	4
6	4	24	0.1944444444444444	7	4
7	4	28	0.0357142857142857	7	4
2	5	10	0.5166666666666667	7	4
3	5	15	0.2444444444444444	7	4
4	5	20	0.19	7	4
5	5	25	0.12	7	4
6	5	30	0.1285714285714286	7	4
7	5	35	0.0904761904761904	7	4
2	6	12	0.611111111111111	7	4
3	6	18	0.2129629629629629	7	4
4	6	24	0.125	7	4
5	6	30	0.0888888888888888	7	4
6	6	36	0.1055555555555555	7	4
7	6	42	0.1238095238095238	7	4
2	7	14	0.6071428571428571	7	4
3	7	21	0.3061224489795918	7	4
4	7	28	0.1904761904761904	7	4
5	7	35	0.15	7	4
6	7	42	0.1269841269841269	7	4
7	7	49	0.1275510204081632	7	4
2	1	2	0.7142857142857143	7	5
3	1	3	0.4444444444444444	7	5
4	1	4	0.25	7	5
5	1	5	0.4333333333333333	7	5
6	1	6	0.5	7	5
7	1	7	0.119047619047619	7	5
2	2	4	0.3333333333333333	7	5
3	2	6	0.2666666666666666	7	5
4	2	8	0.0535714285714285	7	5
5	2	10	0.1	7	5
6	2	12	0.2142857142857143	7	5
7	2	14	0.119047619047619	7	5
2	3	6	0.3571428571428571	7	5
3	3	9	0.3518518518518518	7	5
4	3	12	0.3125	7	5
5	3	15	0.0933333333333333	7	5
6	3	18	0.1904761904761904	7	5
7	3	21	0.119047619047619	7	5
2	4	8	0.5535714285714286	7	5
3	4	12	0.4722222222222222	7	5
4	4	16	0.1875	7	5
5	4	20	0.24	7	5
6	4	24	0.1916666666666666	7	5
7	4	28	0.1275510204081632	7	5
2	5	10	0.3625	7	5
3	5	15	0.2222222222222222	7	5
4	5	20	0.2875	7	5
5	5	25	0.16	7	5
6	5	30	0.0875	7	5
7	5	35	0.08	7	5
2	6	12	0.3981481481481481	7	5
3	6	18	0.3166666666666666	7	5
4	6	24	0.125	7	5
5	6	30	0.1416666666666666	7	5
6	6	36	0.1388888888888889	7	5
7	6	42	0.1394557823129251	7	5
2	7	14	0.3392857142857143	7	5
3	7	21	0.2222222222222222	7	5
4	7	28	0.3	7	5
5	7	35	0.1828571428571428	7	5
6	7	42	0.1047619047619047	7	5
7	7	49	0.0884353741496598	7	5
2	1	2		7	6
3	1	3		7	6
4	1	4		7	6
5	1	5		7	6
6	1	6		7	6
7	1	7		7	6
2	2	4	0.55	7	6
3	2	6	0.2777777777777778	7	6
4	2	8	0.175	7	6
5	2	10	0.25	7	6
6	2	12	0.2222222222222222	7	6
7	2	14	0.0857142857142857	7	6
2	3	6	0.3333333333333333	7	6
3	3	9	0.3777777777777777	7	6
4	3	12	0.25	7	6
5	3	15	0.2	7	6
6	3	18	0.1666666666666666	7	6
7	3	21	0.1700680272108843	7	6
2	4	8	0.625	7	6
3	4	12	0.3541666666666667	7	6
4	4	16	0.125	7	6
5	4	20	0.19	7	6
6	4	24	0.1197916666666666	7	6
7	4	28	0.2285714285714286	7	6
2	5	10	0.4	7	6
3	5	15	0.2416666666666666	7	6
4	5	20	0.3	7	6
5	5	25	0.24	7	6
6	5	30	0.1222222222222222	7	6
7	5	35	0.1257142857142857	7	6
2	6	12	0.4166666666666667	7	6
3	6	18	0.3055555555555556	7	6
4	6	24	0.15	7	6
5	6	30	0.1166666666666666	7	6
6	6	36	0.1419753086419753	7	6
7	6	42	0.1380952380952381	7	6
2	7	14	0.5571428571428572	7	6
3	7	21	0.2777777777777778	7	6
4	7	28	0.1428571428571428	7	6
5	7	35	0.1959183673469387	7	6
6	7	42	0.1507936507936507	7	6
7	7	49	0.1341107871720116	7	6
2	1	2		7	7
3	1	3	0.3809523809523809	7	7
4	1	4	0.2	7	7
5	1	5	0.3142857142857143	7	7
6	1	6	0.0714285714285714	7	7
7	1	7	0.1904761904761904	7	7
2	2	4		7	7
3	2	6	0.2857142857142857	7	7
4	2	8	0.05	7	7
5	2	10	0.1666666666666666	7	7
6	2	12	0.0833333333333333	7	7
7	2	14	0.0833333333333333	7	7
2	3	6		7	7
3	3	9	0.3333333333333333	7	7
4	3	12	0.2083333333333333	7	7
5	3	15	0.3	7	7
6	3	18	0.0888888888888888	7	7
7	3	21	0.0612244897959183	7	7
2	4	8		7	7
3	4	12	0.3055555555555555	7	7
4	4	16	0.075	7	7
5	4	20	0.2	7	7
6	4	24	0.1416666666666666	7	7
7	4	28	0.0816326530612244	7	7
2	5	10		7	7
3	5	15	0.44	7	7
4	5	20	0.2333333333333333	7	7
5	5	25	0.1119999999999999	7	7
6	5	30	0.119047619047619	7	7
7	5	35	0.1224489795918367	7	7
2	6	12		7	7
3	6	18	0.1222222222222222	7	7
4	6	24	0.2986111111111111	7	7
5	6	30	0.137037037037037	7	7
6	6	36	0.1018518518518518	7	7
7	6	42	0.1507936507936507	7	7
2	7	14		7	7
3	7	21	0.2619047619047619	7	7
4	7	28	0.0857142857142857	7	7
5	7	35	0.2071428571428571	7	7
6	7	42	0.1468253968253968	7	7
7	7	49	0.1258503401360544	7	7
2	1	2	0.6666666666666666	7	8
3	1	3	0.6666666666666666	7	8
4	1	4	0.2857142857142857	7	8
5	1	5	0.1666666666666666	7	8
6	1	6	0.3	7	8
7	1	7	0.2142857142857142	7	8
2	2	4	0.5	7	8
3	2	6	0.3055555555555555	7	8
4	2	8	0.1785714285714285	7	8
5	2	10	0.05	7	8
6	2	12	0.1666666666666666	7	8
7	2	14	0.0714285714285714	7	8
2	3	6	0.5833333333333334	7	8
3	3	9	0.2698412698412698	7	8
4	3	12	0.2261904761904762	7	8
5	3	15	0.1333333333333333	7	8
6	3	18	0.0793650793650793	7	8
7	3	21	0.0952380952380952	7	8
2	4	8	0.5	7	8
3	4	12	0.3333333333333333	7	8
4	4	16	0.34375	7	8
5	4	20	0.1166666666666666	7	8
6	4	24	0.2916666666666667	7	8
7	4	28	0.1428571428571428	7	8
2	5	10	0.4285714285714285	7	8
3	5	15	0.3166666666666666	7	8
4	5	20	0.25	7	8
5	5	25	0.12	7	8
6	5	30	0.15	7	8
7	5	35	0.1285714285714285	7	8
2	6	12	0.2380952380952381	7	8
3	6	18	0.3518518518518518	7	8
4	6	24	0.0208333333333333	7	8
5	6	30	0.075	7	8
6	6	36	0.0925925925925926	7	8
7	6	42	0.1607142857142857	7	8
2	7	14	0.5	7	8
3	7	21	0.1488095238095238	7	8
4	7	28	0.1517857142857142	7	8
5	7	35	0.1666666666666666	7	8
6	7	42	0.2095238095238095	7	8
7	7	49	0.1054421768707483	7	8
2	1	2		7	9
3	1	3		7	9
4	1	4		7	9
5	1	5		7	9
6	1	6		7	9
7	1	7		7	9
2	2	4	0.4166666666666667	7	9
3	2	6	0.3	7	9
4	2	8	0.15	7	9
5	2	10	0.18	7	9
6	2	12	0.0833333333333333	7	9
7	2	14	0.0857142857142857	7	9
2	3	6	0.6944444444444445	7	9
3	3	9	0.2777777777777778	7	9
4	3	12	0.25	7	9
5	3	15	0.1142857142857142	7	9
6	3	18	0.1296296296296296	7	9
7	3	21	0.0952380952380952	7	9
2	4	8	0.6	7	9
3	4	12	0.2638888888888889	7	9
4	4	16	0.2589285714285714	7	9
5	4	20	0.13	7	9
6	4	24	0.1388888888888889	7	9
7	4	28	0.1071428571428571	7	9
2	5	10	0.4428571428571429	7	9
3	5	15	0.3523809523809523	7	9
4	5	20	0.2083333333333333	7	9
5	5	25	0.12	7	9
6	5	30	0.0722222222222222	7	9
7	5	35	0.125	7	9
2	6	12	0.513888888888889	7	9
3	6	18	0.3425925925925926	7	9
4	6	24	0.1011904761904761	7	9
5	6	30	0.1619047619047618	7	9
6	6	36	0.1507936507936508	7	9
7	6	42	0.0884353741496598	7	9
2	7	14	0.3775510204081632	7	9
3	7	21	0.2285714285714285	7	9
4	7	28	0.2357142857142857	7	9
5	7	35	0.0714285714285714	7	9
6	7	42	0.0714285714285714	7	9
7	7	49	0.1156462585034013	7	9
2	1	2		7	10
3	1	3		7	10
4	1	4		7	10
5	1	5		7	10
6	1	6		7	10
7	1	7		7	10
2	2	4		7	10
3	2	6		7	10
4	2	8		7	10
5	2	10		7	10
6	2	12		7	10
7	2	14		7	10
2	3	6		7	10
3	3	9	0.1296296296296296	7	10
4	3	12	0.3333333333333333	7	10
5	3	15	0.0666666666666666	7	10
6	3	18	0.1222222222222222	7	10
7	3	21	0.0952380952380952	7	10
2	4	8		7	10
3	4	12	0.25	7	10
4	4	16	0.3	7	10
5	4	20	0.15	7	10
6	4	24	0.0833333333333333	7	10
7	4	28	0.0857142857142857	7	10
2	5	10		7	10
3	5	15	0.3533333333333333	7	10
4	5	20	0.225	7	10
5	5	25	0.08	7	10
6	5	30	0.1041666666666666	7	10
7	5	35	0.138095238095238	7	10
2	6	12		7	10
3	6	18	0.1444444444444444	7	10
4	6	24	0.2023809523809523	7	10
5	6	30	0.1666666666666666	7	10
6	6	36	0.1180555555555555	7	10
7	6	42	0.0317460317460317	7	10
2	7	14		7	10
3	7	21	0.3238095238095238	7	10
4	7	28	0.2214285714285714	7	10
5	7	35	0.1942857142857142	7	10
6	7	42	0.1825396825396825	7	10
7	7	49	0.1258503401360544	7	10
2	1	2		7	11
3	1	3		7	11
4	1	4		7	11
5	1	5		7	11
6	1	6		7	11
7	1	7		7	11
2	2	4		7	11
3	2	6		7	11
4	2	8		7	11
5	2	10		7	11
6	2	12		7	11
7	2	14		7	11
2	3	6		7	11
3	3	9	0.2407407407407407	7	11
4	3	12	0.119047619047619	7	11
5	3	15	0.1777777777777777	7	11
6	3	18	0.1527777777777778	7	11
7	3	21	0.0793650793650793	7	11
2	4	8		7	11
3	4	12	0.2976190476190476	7	11
4	4	16	0.15	7	11
5	4	20	0.1333333333333333	7	11
6	4	24	0.1428571428571428	7	11
7	4	28	0.1696428571428571	7	11
2	5	10		7	11
3	5	15	0.2476190476190476	7	11
4	5	20	0.3125	7	11
5	5	25	0.1714285714285714	7	11
6	5	30	0.2111111111111111	7	11
7	5	35	0.0785714285714285	7	11
2	6	12		7	11
3	6	18	0.2291666666666666	7	11
4	6	24	0.25	7	11
5	6	30	0.1428571428571428	7	11
6	6	36	0.1388888888888889	7	11
7	6	42	0.1309523809523809	7	11
2	7	14		7	11
3	7	21	0.1964285714285714	7	11
4	7	28	0.1919642857142857	7	11
5	7	35	0.2095238095238095	7	11
6	7	42	0.1369047619047619	7	11
7	7	49	0.1156462585034013	7	11
2	1	2		7	12
3	1	3		7	12
4	1	4		7	12
5	1	5		7	12
6	1	6		7	12
7	1	7		7	12
2	2	4		7	12
3	2	6		7	12
4	2	8		7	12
5	2	10		7	12
6	2	12		7	12
7	2	14		7	12
2	3	6		7	12
3	3	9	0.4259259259259259	7	12
4	3	12	0.2142857142857143	7	12
5	3	15	0.1888888888888889	7	12
6	3	18	0.1388888888888889	7	12
7	3	21	0.0634920634920634	7	12
2	4	8		7	12
3	4	12	0.3958333333333333	7	12
4	4	16	0.075	7	12
5	4	20	0.1583333333333333	7	12
6	4	24	0.1083333333333333	7	12
7	4	28	0.1607142857142857	7	12
2	5	10		7	12
3	5	15	0.2592592592592592	7	12
4	5	20	0.1833333333333333	7	12
5	5	25	0.1266666666666666	7	12
6	5	30	0.1285714285714286	7	12
7	5	35	0.1238095238095238	7	12
2	6	12		7	12
3	6	18	0.2037037037037037	7	12
4	6	24	0.225	7	12
5	6	30	0.175	7	12
6	6	36	0.0771604938271604	7	12
7	6	42	0.1111111111111111	7	12
2	7	14		7	12
3	7	21	0.1071428571428571	7	12
4	7	28	0.1607142857142857	7	12
5	7	35	0.110204081632653	7	12
6	7	42	0.1462585034013605	7	12
7	7	49	0.1428571428571428	7	12
2	1	2	1.0	7	1
3	1	3	0.7333333333333334	7	1
4	1	4	0.75	7	1
5	1	5	0.4444444444444445	7	1
6	1	6	0.5555555555555556	7	1
7	1	7	0.5918367346938777	7	1
2	2	4	0.675	7	1
3	2	6	0.3833333333333333	7	1
4	2	8	0.2	7	1
5	2	10	0.4	7	1
6	2	12	0.25	7	1
7	2	14	0.2063492063492063	7	1
2	3	6	0.45	7	1
3	3	9	0.5111111111111111	7	1
4	3	12	0.375	7	1
5	3	15	0.2888888888888888	7	1
6	3	18	0.2277777777777777	7	1
7	3	21	0.1488095238095238	7	1
2	4	8	0.65	7	1
3	4	12	0.3666666666666667	7	1
4	4	16	0.3046875	7	1
5	4	20	0.26	7	1
6	4	24	0.2037037037037037	7	1
7	4	28	0.1428571428571428	7	1
2	5	10	0.4222222222222222	7	1
3	5	15	0.5238095238095238	7	1
4	5	20	0.3	7	1
5	5	25	0.2933333333333333	7	1
6	5	30	0.2033333333333333	7	1
7	5	35	0.2507936507936508	7	1
2	6	12	0.6083333333333333	7	1
3	6	18	0.4555555555555555	7	1
4	6	24	0.25	7	1
5	6	30	0.2518518518518518	7	1
6	6	36	0.2314814814814815	7	1
7	6	42	0.1428571428571428	7	1
2	7	14	0.5238095238095238	7	1
3	7	21	0.4074074074074074	7	1
4	7	28	0.2607142857142857	7	1
5	7	35	0.2040816326530612	7	1
6	7	42	0.1693121693121693	7	1
7	7	49	0.1714285714285714	7	1
2	1	2		7	2
3	1	3	0.3333333333333333	7	2
4	1	4	0.5833333333333334	7	2
5	1	5	0.675	7	2
6	1	6	0.4666666666666666	7	2
7	1	7	0.4920634920634921	7	2
2	2	4		7	2
3	2	6	0.1833333333333333	7	2
4	2	8	0.5	7	2
5	2	10	0.1444444444444444	7	2
6	2	12	0.2037037037037037	7	2
7	2	14	0.0785714285714285	7	2
2	3	6		7	2
3	3	9	0.3777777777777777	7	2
4	3	12	0.3541666666666667	7	2
5	3	15	0.1583333333333333	7	2
6	3	18	0.2	7	2
7	3	21	0.1571428571428571	7	2
2	4	8		7	2
3	4	12	0.3854166666666667	7	2
4	4	16	0.38125	7	2
5	4	20	0.295	7	2
6	4	24	0.2416666666666666	7	2
7	4	28	0.2035714285714285	7	2
2	5	10		7	2
3	5	15	0.4333333333333333	7	2
4	5	20	0.25	7	2
5	5	25	0.284	7	2
6	5	30	0.1857142857142857	7	2
7	5	35	0.1685714285714286	7	2
2	6	12		7	2
3	6	18	0.3518518518518518	7	2
4	6	24	0.2083333333333333	7	2
5	6	30	0.2066666666666666	7	2
6	6	36	0.1805555555555555	7	2
7	6	42	0.1904761904761904	7	2
2	7	14		7	2
3	7	21	0.3756613756613757	7	2
4	7	28	0.3134920634920635	7	2
5	7	35	0.2	7	2
6	7	42	0.1666666666666666	7	2
7	7	49	0.0952380952380952	7	2
2	1	2	0.7	7	3
3	1	3	0.7333333333333334	7	3
4	1	4	0.6666666666666666	7	3
5	1	5	0.42	7	3
6	1	6	0.4166666666666667	7	3
7	1	7	0.1904761904761904	7	3
2	2	4	0.65	7	3
3	2	6	0.4629629629629629	7	3
4	2	8	0.425	7	3
5	2	10	0.3399999999999999	7	3
6	2	12	0.3	7	3
7	2	14	0.119047619047619	7	3
2	3	6	0.6166666666666667	7	3
3	3	9	0.5111111111111111	7	3
4	3	12	0.3518518518518518	7	3
5	3	15	0.2074074074074074	7	3
6	3	18	0.1666666666666666	7	3
7	3	21	0.1428571428571428	7	3
2	4	8	0.5625	7	3
3	4	12	0.4444444444444444	7	3
4	4	16	0.275	7	3
5	4	20	0.25	7	3
6	4	24	0.2361111111111111	7	3
7	4	28	0.1865079365079365	7	3
2	5	10	0.5700000000000001	7	3
3	5	15	0.4	7	3
4	5	20	0.285	7	3
5	5	25	0.2088888888888889	7	3
6	5	30	0.1933333333333333	7	3
7	5	35	0.16	7	3
2	6	12	0.4074074074074074	7	3
3	6	18	0.4012345679012346	7	3
4	6	24	0.2583333333333333	7	3
5	6	30	0.1833333333333333	7	3
6	6	36	0.1265432098765432	7	3
7	6	42	0.1369047619047619	7	3
2	7	14	0.5357142857142857	7	3
3	7	21	0.3523809523809524	7	3
4	7	28	0.2464285714285714	7	3
5	7	35	0.3015873015873015	7	3
6	7	42	0.1714285714285714	7	3
7	7	49	0.1224489795918367	7	3
2	1	2	0.95	7	4
3	1	3	0.7777777777777778	7	4
4	1	4	0.65	7	4
5	1	5	0.6666666666666667	7	4
6	1	6	0.3666666666666667	7	4
7	1	7	0.4126984126984127	7	4
2	2	4	0.875	7	4
3	2	6	0.4814814814814814	7	4
4	2	8	0.275	7	4
5	2	10	0.29	7	4
6	2	12	0.2037037037037037	7	4
7	2	14	0.3285714285714285	7	4
2	3	6	0.6833333333333332	7	4
3	3	9	0.2777777777777778	7	4
4	3	12	0.3916666666666666	7	4
5	3	15	0.1933333333333333	7	4
6	3	18	0.2333333333333333	7	4
7	3	21	0.1857142857142857	7	4
2	4	8	0.625	7	4
3	4	12	0.3888888888888889	7	4
4	4	16	0.26875	7	4
5	4	20	0.21	7	4
6	4	24	0.1458333333333333	7	4
7	4	28	0.1651785714285714	7	4
2	5	10	0.53	7	4
3	5	15	0.3399999999999999	7	4
4	5	20	0.31	7	4
5	5	25	0.2319999999999999	7	4
6	5	30	0.1666666666666666	7	4
7	5	35	0.1571428571428571	7	4
2	6	12	0.5666666666666667	7	4
3	6	18	0.3666666666666666	7	4
4	6	24	0.3425925925925925	7	4
5	6	30	0.2333333333333333	7	4
6	6	36	0.1611111111111111	7	4
7	6	42	0.1404761904761904	7	4
2	7	14	0.5642857142857143	7	4
3	7	21	0.3428571428571428	7	4
4	7	28	0.242063492063492	7	4
5	7	35	0.1587301587301587	7	4
6	7	42	0.1636904761904762	7	4
7	7	49	0.1862244897959183	7	4
2	1	2	0.8	7	5
3	1	3	0.9	7	5
4	1	4	0.5	7	5
5	1	5	0.54	7	5
6	1	6	0.4333333333333333	7	5
7	1	7	0.365079365079365	7	5
2	2	4	0.85	7	5
3	2	6	0.4259259259259259	7	5
4	2	8	0.2625	7	5
5	2	10	0.21	7	5
6	2	12	0.1666666666666666	7	5
7	2	14	0.2071428571428571	7	5
2	3	6	0.65	7	5
3	3	9	0.419753086419753	7	5
4	3	12	0.3333333333333333	7	5
5	3	15	0.26	7	5
6	3	18	0.2	7	5
7	3	21	0.2	7	5
2	4	8	0.5875	7	5
3	4	12	0.4351851851851852	7	5
4	4	16	0.3125	7	5
5	4	20	0.27	7	5
6	4	24	0.2239583333333333	7	5
7	4	28	0.1464285714285714	7	5
2	5	10	0.5700000000000001	7	5
3	5	15	0.3666666666666666	7	5
4	5	20	0.345	7	5
5	5	25	0.2622222222222222	7	5
6	5	30	0.1633333333333333	7	5
7	5	35	0.1	7	5
2	6	12	0.6166666666666667	7	5
3	6	18	0.4055555555555555	7	5
4	6	24	0.3	7	5
5	6	30	0.2416666666666666	7	5
6	6	36	0.1574074074074074	7	5
7	6	42	0.1428571428571428	7	5
2	7	14	0.3928571428571428	7	5
3	7	21	0.4142857142857142	7	5
4	7	28	0.2579365079365079	7	5
5	7	35	0.2628571428571428	7	5
6	7	42	0.1851851851851851	7	5
7	7	49	0.1269841269841269	7	5
2	1	2		7	6
3	1	3		7	6
4	1	4		7	6
5	1	5		7	6
6	1	6		7	6
7	1	7		7	6
2	2	4	0.85	7	6
3	2	6	0.3666666666666667	7	6
4	2	8	0.4625	7	6
5	2	10	0.2799999999999999	7	6
6	2	12	0.3148148148148148	7	6
7	2	14	0.2071428571428571	7	6
2	3	6	0.7333333333333334	7	6
3	3	9	0.4555555555555555	7	6
4	3	12	0.2666666666666666	7	6
5	3	15	0.2733333333333333	7	6
6	3	18	0.2160493827160493	7	6
7	3	21	0.1428571428571428	7	6
2	4	8	0.75	7	6
3	4	12	0.3833333333333333	7	6
4	4	16	0.30625	7	6
5	4	20	0.225	7	6
6	4	24	0.2037037037037037	7	6
7	4	28	0.1666666666666666	7	6
2	5	10	0.48	7	6
3	5	15	0.46	7	6
4	5	20	0.335	7	6
5	5	25	0.196	7	6
6	5	30	0.2	7	6
7	5	35	0.1365079365079365	7	6
2	6	12	0.5555555555555556	7	6
3	6	18	0.4135802469135802	7	6
4	6	24	0.2666666666666666	7	6
5	6	30	0.2291666666666666	7	6
6	6	36	0.1527777777777778	7	6
7	6	42	0.1058201058201058	7	6
2	7	14	0.6285714285714287	7	6
3	7	21	0.3492063492063492	7	6
4	7	28	0.2738095238095238	7	6
5	7	35	0.2114285714285714	7	6
6	7	42	0.1768707482993197	7	6
7	7	49	0.1156462585034013	7	6
2	1	2		7	7
3	1	3	1.0	7	7
4	1	4	0.3	7	7
5	1	5	0.62	7	7
6	1	6	0.2833333333333333	7	7
7	1	7	0.3285714285714285	7	7
2	2	4		7	7
3	2	6	0.4833333333333333	7	7
4	2	8	0.3375	7	7
5	2	10	0.25	7	7
6	2	12	0.175	7	7
7	2	14	0.2571428571428572	7	7
2	3	6		7	7
3	3	9	0.6111111111111112	7	7
4	3	12	0.2833333333333333	7	7
5	3	15	0.28	7	7
6	3	18	0.1888888888888888	7	7
7	3	21	0.1428571428571428	7	7
2	4	8		7	7
3	4	12	0.425	7	7
4	4	16	0.2986111111111111	7	7
5	4	20	0.245	7	7
6	4	24	0.1916666666666666	7	7
7	4	28	0.2142857142857142	7	7
2	5	10		7	7
3	5	15	0.3481481481481481	7	7
4	5	20	0.2222222222222222	7	7
5	5	25	0.2319999999999999	7	7
6	5	30	0.1466666666666666	7	7
7	5	35	0.1542857142857143	7	7
2	6	12		7	7
3	6	18	0.4499999999999999	7	7
4	6	24	0.2749999999999999	7	7
5	6	30	0.2333333333333333	7	7
6	6	36	0.1666666666666666	7	7
7	6	42	0.1571428571428571	7	7
2	7	14		7	7
3	7	21	0.3756613756613757	7	7
4	7	28	0.2714285714285714	7	7
5	7	35	0.2	7	7
6	7	42	0.119047619047619	7	7
7	7	49	0.1173469387755102	7	7
2	1	2	0.75	7	8
3	1	3	0.5666666666666667	7	8
4	1	4	0.5	7	8
5	1	5	0.54	7	8
6	1	6	0.25	7	8
7	1	7	0.2857142857142857	7	8
2	2	4	0.625	7	8
3	2	6	0.4666666666666666	7	8
4	2	8	0.2625	7	8
5	2	10	0.2777777777777778	7	8
6	2	12	0.15	7	8
7	2	14	0.2142857142857142	7	8
2	3	6	0.4833333333333333	7	8
3	3	9	0.3580246913580247	7	8
4	3	12	0.2407407407407407	7	8
5	3	15	0.2333333333333333	7	8
6	3	18	0.1722222222222222	7	8
7	3	21	0.1746031746031746	7	8
2	4	8	0.6125	7	8
3	4	12	0.4259259259259259	7	8
4	4	16	0.2125	7	8
5	4	20	0.21	7	8
6	4	24	0.1875	7	8
7	4	28	0.123015873015873	7	8
2	5	10	0.54	7	8
3	5	15	0.4066666666666666	7	8
4	5	20	0.32	7	8
5	5	25	0.236	7	8
6	5	30	0.2041666666666666	7	8
7	5	35	0.1510204081632653	7	8
2	6	12	0.4833333333333333	7	8
3	6	18	0.4388888888888889	7	8
4	6	24	0.1999999999999999	7	8
5	6	30	0.2148148148148148	7	8
6	6	36	0.15625	7	8
7	6	42	0.1369047619047619	7	8
2	7	14	0.5642857142857143	7	8
3	7	21	0.2666666666666666	7	8
4	7	28	0.2857142857142857	7	8
5	7	35	0.2158730158730158	7	8
6	7	42	0.1322751322751322	7	8
7	7	49	0.1201814058956916	7	8
2	1	2		7	9
3	1	3		7	9
4	1	4		7	9
5	1	5		7	9
6	1	6		7	9
7	1	7		7	9
2	2	4	0.725	7	9
3	2	6	0.4666666666666666	7	9
4	2	8	0.4125	7	9
5	2	10	0.35	7	9
6	2	12	0.1833333333333333	7	9
7	2	14	0.1714285714285714	7	9
2	3	6	0.5185185185185185	7	9
3	3	9	0.4444444444444444	7	9
4	3	12	0.3055555555555555	7	9
5	3	15	0.1555555555555555	7	9
6	3	18	0.2037037037037037	7	9
7	3	21	0.1571428571428571	7	9
2	4	8	0.5625	7	9
3	4	12	0.3583333333333333	7	9
4	4	16	0.29375	7	9
5	4	20	0.19375	7	9
6	4	24	0.2541666666666666	7	9
7	4	28	0.1349206349206349	7	9
2	5	10	0.4599999999999999	7	9
3	5	15	0.4733333333333333	7	9
4	5	20	0.29	7	9
5	5	25	0.212	7	9
6	5	30	0.1866666666666666	7	9
7	5	35	0.1314285714285714	7	9
2	6	12	0.5333333333333333	7	9
3	6	18	0.4388888888888889	7	9
4	6	24	0.287037037037037	7	9
5	6	30	0.1629629629629629	7	9
6	6	36	0.1666666666666666	7	9
7	6	42	0.0773809523809523	7	9
2	7	14	0.5642857142857143	7	9
3	7	21	0.3428571428571428	7	9
4	7	28	0.2964285714285714	7	9
5	7	35	0.1809523809523809	7	9
6	7	42	0.1380952380952381	7	9
7	7	49	0.1301020408163265	7	9
2	1	2		7	10
3	1	3		7	10
4	1	4		7	10
5	1	5		7	10
6	1	6		7	10
7	1	7		7	10
2	2	4		7	10
3	2	6		7	10
4	2	8		7	10
5	2	10		7	10
6	2	12		7	10
7	2	14		7	10
2	3	6		7	10
3	3	9	0.3222222222222222	7	10
4	3	12	0.2916666666666667	7	10
5	3	15	0.2866666666666667	7	10
6	3	18	0.1458333333333333	7	10
7	3	21	0.1375661375661375	7	10
2	4	8		7	10
3	4	12	0.5083333333333333	7	10
4	4	16	0.30625	7	10
5	4	20	0.27	7	10
6	4	24	0.1374999999999999	7	10
7	4	28	0.1285714285714286	7	10
2	5	10		7	10
3	5	15	0.3066666666666666	7	10
4	5	20	0.25	7	10
5	5	25	0.22	7	10
6	5	30	0.1481481481481481	7	10
7	5	35	0.165079365079365	7	10
2	6	12		7	10
3	6	18	0.2345679012345679	7	10
4	6	24	0.2685185185185185	7	10
5	6	30	0.15	7	10
6	6	36	0.2027777777777777	7	10
7	6	42	0.1326530612244897	7	10
2	7	14		7	10
3	7	21	0.4047619047619047	7	10
4	7	28	0.2142857142857142	7	10
5	7	35	0.2	7	10
6	7	42	0.1714285714285714	7	10
7	7	49	0.1428571428571428	7	10
2	1	2		7	11
3	1	3		7	11
4	1	4		7	11
5	1	5		7	11
6	1	6		7	11
7	1	7		7	11
2	2	4		7	11
3	2	6		7	11
4	2	8		7	11
5	2	10		7	11
6	2	12		7	11
7	2	14		7	11
2	3	6		7	11
3	3	9	0.4222222222222222	7	11
4	3	12	0.2083333333333333	7	11
5	3	15	0.2266666666666666	7	11
6	3	18	0.1388888888888889	7	11
7	3	21	0.1904761904761904	7	11
2	4	8		7	11
3	4	12	0.3796296296296296	7	11
4	4	16	0.24375	7	11
5	4	20	0.18	7	11
6	4	24	0.1999999999999999	7	11
7	4	28	0.1785714285714285	7	11
2	5	10		7	11
3	5	15	0.4222222222222222	7	11
4	5	20	0.3399999999999999	7	11
5	5	25	0.22	7	11
6	5	30	0.2	7	11
7	5	35	0.1571428571428571	7	11
2	6	12		7	11
3	6	18	0.3055555555555556	7	11
4	6	24	0.2583333333333333	7	11
5	6	30	0.1777777777777777	7	11
6	6	36	0.1638888888888889	7	11
7	6	42	0.1349206349206349	7	11
2	7	14		7	11
3	7	21	0.3523809523809524	7	11
4	7	28	0.2892857142857142	7	11
5	7	35	0.2	7	11
6	7	42	0.1296296296296296	7	11
7	7	49	0.0739795918367346	7	11
2	1	2		7	12
3	1	3		7	12
4	1	4		7	12
5	1	5		7	12
6	1	6		7	12
7	1	7		7	12
2	2	4		7	12
3	2	6		7	12
4	2	8		7	12
5	2	10		7	12
6	2	12		7	12
7	2	14		7	12
2	3	6		7	12
3	3	9	0.4444444444444444	7	12
4	3	12	0.2333333333333333	7	12
5	3	15	0.2148148148148148	7	12
6	3	18	0.2055555555555555	7	12
7	3	21	0.1746031746031746	7	12
2	4	8		7	12
3	4	12	0.4583333333333333	7	12
4	4	16	0.25625	7	12
5	4	20	0.225	7	12
6	4	24	0.1759259259259259	7	12
7	4	28	0.1507936507936507	7	12
2	5	10		7	12
3	5	15	0.42	7	12
4	5	20	0.31	7	12
5	5	25	0.168	7	12
6	5	30	0.1555555555555555	7	12
7	5	35	0.1342857142857142	7	12
2	6	12		7	12
3	6	18	0.4444444444444444	7	12
4	6	24	0.2458333333333333	7	12
5	6	30	0.1444444444444444	7	12
6	6	36	0.1388888888888889	7	12
7	6	42	0.1166666666666666	7	12
2	7	14		7	12
3	7	21	0.4021164021164021	7	12
4	7	28	0.2464285714285714	7	12
5	7	35	0.165079365079365	7	12
6	7	42	0.1428571428571428	7	12
7	7	49	0.1269841269841269	7	12
2	1	2	1.0	72	1
3	1	3	0.4583333333333333	72	1
4	1	4	0.46875	72	1
5	1	5	0.1399999999999999	72	1
6	1	6	0.1666666666666666	72	1
7	1	7	0.1785714285714285	72	1
2	2	4	0.4	72	1
3	2	6	0.2962962962962963	72	1
4	2	8	0.4722222222222222	72	1
5	2	10	0.1555555555555555	72	1
6	2	12	0.1759259259259259	72	1
7	2	14	0.0714285714285714	72	1
2	3	6	0.625	72	1
3	3	9	0.3703703703703704	72	1
4	3	12	0.1944444444444444	72	1
5	3	15	0.1925925925925926	72	1
6	3	18	0.1666666666666666	72	1
7	3	21	0.0793650793650793	72	1
2	4	8	0.5535714285714286	72	1
3	4	12	0.3981481481481481	72	1
4	4	16	0.2375	72	1
5	4	20	0.2055555555555555	72	1
6	4	24	0.1157407407407407	72	1
7	4	28	0.125	72	1
2	5	10	0.5555555555555556	72	1
3	5	15	0.4	72	1
4	5	20	0.26	72	1
5	5	25	0.2239999999999999	72	1
6	5	30	0.2238095238095238	72	1
7	5	35	0.1142857142857142	72	1
2	6	12	0.4833333333333333	72	1
3	6	18	0.4305555555555556	72	1
4	6	24	0.1898148148148148	72	1
5	6	30	0.1714285714285714	72	1
6	6	36	0.1770833333333333	72	1
7	6	42	0.1322751322751322	72	1
2	7	14	0.4428571428571429	72	1
3	7	21	0.3862433862433862	72	1
4	7	28	0.2857142857142857	72	1
5	7	35	0.1964285714285714	72	1
6	7	42	0.175595238095238	72	1
7	7	49	0.1428571428571428	72	1
2	1	2		72	2
3	1	3	0.4666666666666666	72	2
4	1	4	0.4375	72	2
5	1	5	0.35	72	2
6	1	6	0.2291666666666666	72	2
7	1	7	0.0793650793650793	72	2
2	2	4		72	2
3	2	6	0.3	72	2
4	2	8	0.3625	72	2
5	2	10	0.2777777777777778	72	2
6	2	12	0.1354166666666666	72	2
7	2	14	0.2214285714285714	72	2
2	3	6		72	2
3	3	9	0.3580246913580247	72	2
4	3	12	0.2037037037037037	72	2
5	3	15	0.15	72	2
6	3	18	0.1666666666666666	72	2
7	3	21	0.1571428571428571	72	2
2	4	8		72	2
3	4	12	0.324074074074074	72	2
4	4	16	0.2625	72	2
5	4	20	0.135	72	2
6	4	24	0.1999999999999999	72	2
7	4	28	0.1726190476190476	72	2
2	5	10		72	2
3	5	15	0.3333333333333333	72	2
4	5	20	0.285	72	2
5	5	25	0.1822222222222222	72	2
6	5	30	0.1566666666666666	72	2
7	5	35	0.1285714285714285	72	2
2	6	12		72	2
3	6	18	0.2611111111111111	72	2
4	6	24	0.2875	72	2
5	6	30	0.18	72	2
6	6	36	0.1777777777777777	72	2
7	6	42	0.125	72	2
2	7	14		72	2
3	7	21	0.3714285714285714	72	2
4	7	28	0.2321428571428571	72	2
5	7	35	0.1555555555555555	72	2
6	7	42	0.1785714285714285	72	2
7	7	49	0.1383219954648526	72	2
2	1	2	0.375	72	3
3	1	3	0.3703703703703704	72	3
4	1	4	0.0833333333333333	72	3
5	1	5	0.3555555555555555	72	3
6	1	6	0.2777777777777778	72	3
7	1	7	0.2063492063492063	72	3
2	2	4	0.6	72	3
3	2	6	0.5555555555555556	72	3
4	2	8	0.325	72	3
5	2	10	0.1111111111111111	72	3
6	2	12	0.1416666666666666	72	3
7	2	14	0.0714285714285714	72	3
2	3	6	0.3888888888888889	72	3
3	3	9	0.4444444444444444	72	3
4	3	12	0.25	72	3
5	3	15	0.28	72	3
6	3	18	0.2083333333333333	72	3
7	3	21	0.0408163265306122	72	3
2	4	8	0.575	72	3
3	4	12	0.2592592592592592	72	3
4	4	16	0.2083333333333333	72	3
5	4	20	0.1888888888888888	72	3
6	4	24	0.1458333333333333	72	3
7	4	28	0.1428571428571428	72	3
2	5	10	0.43	72	3
3	5	15	0.2962962962962963	72	3
4	5	20	0.185	72	3
5	5	25	0.1688888888888889	72	3
6	5	30	0.2133333333333333	72	3
7	5	35	0.1428571428571428	72	3
2	6	12	0.5416666666666666	72	3
3	6	18	0.3	72	3
4	6	24	0.2083333333333333	72	3
5	6	30	0.1809523809523809	72	3
6	6	36	0.1180555555555555	72	3
7	6	42	0.1243386243386243	72	3
2	7	14	0.5317460317460317	72	3
3	7	21	0.3809523809523809	72	3
4	7	28	0.2380952380952381	72	3
5	7	35	0.15	72	3
6	7	42	0.1632653061224489	72	3
7	7	49	0.1918367346938775	72	3
2	1	2	0.65	72	4
3	1	3	0.3	72	4
4	1	4	0.25	72	4
5	1	5	0.2	72	4
6	1	6	0.2083333333333333	72	4
7	1	7	0.2857142857142857	72	4
2	2	4	0.625	72	4
3	2	6	0.3666666666666667	72	4
4	2	8	0.2916666666666667	72	4
5	2	10	0.1888888888888888	72	4
6	2	12	0.1851851851851852	72	4
7	2	14	0.2053571428571428	72	4
2	3	6	0.4833333333333333	72	4
3	3	9	0.4444444444444444	72	4
4	3	12	0.2685185185185185	72	4
5	3	15	0.2814814814814815	72	4
6	3	18	0.1666666666666666	72	4
7	3	21	0.119047619047619	72	4
2	4	8	0.55	72	4
3	4	12	0.375	72	4
4	4	16	0.2222222222222222	72	4
5	4	20	0.16	72	4
6	4	24	0.1435185185185185	72	4
7	4	28	0.1071428571428571	72	4
2	5	10	0.36	72	4
3	5	15	0.2	72	4
4	5	20	0.315	72	4
5	5	25	0.188	72	4
6	5	30	0.1625	72	4
7	5	35	0.1476190476190476	72	4
2	6	12	0.5916666666666667	72	4
3	6	18	0.2555555555555555	72	4
4	6	24	0.2592592592592592	72	4
5	6	30	0.2333333333333333	72	4
6	6	36	0.1450617283950617	72	4
7	6	42	0.1719576719576719	72	4
2	7	14	0.4857142857142857	72	4
3	7	21	0.419047619047619	72	4
4	7	28	0.2261904761904762	72	4
5	7	35	0.2392857142857143	72	4
6	7	42	0.1523809523809524	72	4
7	7	49	0.1122448979591836	72	4
2	1	2	0.5	72	5
3	1	3	0.1999999999999999	72	5
4	1	4	0.475	72	5
5	1	5	0.2799999999999999	72	5
6	1	6	0.2166666666666666	72	5
7	1	7	0.0892857142857142	72	5
2	2	4	0.625	72	5
3	2	6	0.2166666666666666	72	5
4	2	8	0.2361111111111111	72	5
5	2	10	0.2	72	5
6	2	12	0.1574074074074074	72	5
7	2	14	0.1071428571428571	72	5
2	3	6	0.7000000000000001	72	5
3	3	9	0.2777777777777778	72	5
4	3	12	0.2916666666666667	72	5
5	3	15	0.2133333333333333	72	5
6	3	18	0.1722222222222222	72	5
7	3	21	0.1428571428571428	72	5
2	4	8	0.625	72	5
3	4	12	0.3611111111111111	72	5
4	4	16	0.2083333333333333	72	5
5	4	20	0.1444444444444444	72	5
6	4	24	0.1964285714285714	72	5
7	4	28	0.1357142857142857	72	5
2	5	10	0.425	72	5
3	5	15	0.3133333333333333	72	5
4	5	20	0.26	72	5
5	5	25	0.216	72	5
6	5	30	0.125	72	5
7	5	35	0.1714285714285714	72	5
2	6	12	0.5	72	5
3	6	18	0.35	72	5
4	6	24	0.21875	72	5
5	6	30	0.2	72	5
6	6	36	0.1888888888888888	72	5
7	6	42	0.1746031746031746	72	5
2	7	14	0.5071428571428571	72	5
3	7	21	0.3492063492063492	72	5
4	7	28	0.2107142857142857	72	5
5	7	35	0.1873015873015873	72	5
6	7	42	0.173469387755102	72	5
7	7	49	0.0952380952380952	72	5
2	1	2		72	6
3	1	3		72	6
4	1	4		72	6
5	1	5		72	6
6	1	6		72	6
7	1	7		72	6
2	2	4	0.5	72	6
3	2	6	0.2833333333333333	72	6
4	2	8	0.2222222222222222	72	6
5	2	10	0.25	72	6
6	2	12	0.1333333333333333	72	6
7	2	14	0.1428571428571428	72	6
2	3	6	0.7407407407407408	72	6
3	3	9	0.4	72	6
4	3	12	0.1666666666666666	72	6
5	3	15	0.1777777777777777	72	6
6	3	18	0.1777777777777777	72	6
7	3	21	0.1666666666666666	72	6
2	4	8	0.5625	72	6
3	4	12	0.3571428571428571	72	6
4	4	16	0.25	72	6
5	4	20	0.265	72	6
6	4	24	0.1833333333333333	72	6
7	4	28	0.1683673469387755	72	6
2	5	10	0.4111111111111111	72	6
3	5	15	0.32	72	6
4	5	20	0.255	72	6
5	5	25	0.2266666666666666	72	6
6	5	30	0.1533333333333333	72	6
7	5	35	0.1346938775510204	72	6
2	6	12	0.5166666666666667	72	6
3	6	18	0.3555555555555555	72	6
4	6	24	0.1916666666666666	72	6
5	6	30	0.1933333333333333	72	6
6	6	36	0.1759259259259259	72	6
7	6	42	0.1258503401360544	72	6
2	7	14	0.4785714285714286	72	6
3	7	21	0.3666666666666667	72	6
4	7	28	0.2285714285714286	72	6
5	7	35	0.1828571428571428	72	6
6	7	42	0.1428571428571428	72	6
7	7	49	0.1292517006802721	72	6
2	1	2		72	7
3	1	3	0.4761904761904762	72	7
4	1	4	0.1944444444444444	72	7
5	1	5	0.22	72	7
6	1	6	0.25	72	7
7	1	7	0.1836734693877551	72	7
2	2	4		72	7
3	2	6	0.2833333333333333	72	7
4	2	8	0.2125	72	7
5	2	10	0.18	72	7
6	2	12	0.175	72	7
7	2	14	0.1160714285714285	72	7
2	3	6		72	7
3	3	9	0.3111111111111111	72	7
4	3	12	0.3416666666666666	72	7
5	3	15	0.1777777777777777	72	7
6	3	18	0.1604938271604938	72	7
7	3	21	0.1534391534391534	72	7
2	4	8		72	7
3	4	12	0.3611111111111111	72	7
4	4	16	0.25	72	7
5	4	20	0.2	72	7
6	4	24	0.074074074074074	72	7
7	4	28	0.1428571428571428	72	7
2	5	10		72	7
3	5	15	0.2933333333333333	72	7
4	5	20	0.2799999999999999	72	7
5	5	25	0.208	72	7
6	5	30	0.1814814814814815	72	7
7	5	35	0.0714285714285714	72	7
2	6	12		72	7
3	6	18	0.3222222222222222	72	7
4	6	24	0.3194444444444445	72	7
5	6	30	0.2074074074074074	72	7
6	6	36	0.1583333333333333	72	7
7	6	42	0.1530612244897959	72	7
2	7	14		72	7
3	7	21	0.3571428571428571	72	7
4	7	28	0.2301587301587301	72	7
5	7	35	0.1682539682539682	72	7
6	7	42	0.1428571428571428	72	7
7	7	49	0.0857142857142857	72	7
2	1	2	0.6	72	8
3	1	3	0.5666666666666667	72	8
4	1	4	0.0	72	8
5	1	5	0.225	72	8
6	1	6	0.074074074074074	72	8
7	1	7	0.0571428571428571	72	8
2	2	4	0.5555555555555556	72	8
3	2	6	0.4259259259259259	72	8
4	2	8	0.2222222222222222	72	8
5	2	10	0.2555555555555555	72	8
6	2	12	0.1296296296296296	72	8
7	2	14	0.1785714285714285	72	8
2	3	6	0.5185185185185185	72	8
3	3	9	0.3333333333333333	72	8
4	3	12	0.2416666666666666	72	8
5	3	15	0.2148148148148148	72	8
6	3	18	0.1358024691358025	72	8
7	3	21	0.1	72	8
2	4	8	0.625	72	8
3	4	12	0.3999999999999999	72	8
4	4	16	0.25625	72	8
5	4	20	0.1714285714285714	72	8
6	4	24	0.1979166666666666	72	8
7	4	28	0.1726190476190476	72	8
2	5	10	0.45	72	8
3	5	15	0.3066666666666666	72	8
4	5	20	0.3714285714285714	72	8
5	5	25	0.192	72	8
6	5	30	0.1259259259259259	72	8
7	5	35	0.1357142857142857	72	8
2	6	12	0.5	72	8
3	6	18	0.4135802469135802	72	8
4	6	24	0.1488095238095238	72	8
5	6	30	0.2166666666666666	72	8
6	6	36	0.1587301587301587	72	8
7	6	42	0.1870748299319727	72	8
2	7	14	0.5476190476190477	72	8
3	7	21	0.3174603174603175	72	8
4	7	28	0.2366071428571428	72	8
5	7	35	0.2204081632653061	72	8
6	7	42	0.181547619047619	72	8
7	7	49	0.2040816326530612	72	8
2	1	2		72	9
3	1	3		72	9
4	1	4		72	9
5	1	5		72	9
6	1	6		72	9
7	1	7		72	9
2	2	4	0.5555555555555556	72	9
3	2	6	0.2962962962962963	72	9
4	2	8	0.375	72	9
5	2	10	0.2444444444444444	72	9
6	2	12	0.1309523809523809	72	9
7	2	14	0.0793650793650793	72	9
2	3	6	0.5370370370370371	72	9
3	3	9	0.3777777777777777	72	9
4	3	12	0.2166666666666666	72	9
5	3	15	0.16	72	9
6	3	18	0.1049382716049382	72	9
7	3	21	0.125	72	9
2	4	8	0.65625	72	9
3	4	12	0.325	72	9
4	4	16	0.1805555555555555	72	9
5	4	20	0.2166666666666666	72	9
6	4	24	0.1833333333333333	72	9
7	4	28	0.1294642857142857	72	9
2	5	10	0.3444444444444444	72	9
3	5	15	0.3259259259259259	72	9
4	5	20	0.31	72	9
5	5	25	0.184	72	9
6	5	30	0.12	72	9
7	5	35	0.0785714285714285	72	9
2	6	12	0.6041666666666666	72	9
3	6	18	0.3611111111111111	72	9
4	6	24	0.2175925925925926	72	9
5	6	30	0.1791666666666666	72	9
6	6	36	0.119047619047619	72	9
7	6	42	0.1309523809523809	72	9
2	7	14	0.4928571428571429	72	9
3	7	21	0.4	72	9
4	7	28	0.2346938775510204	72	9
5	7	35	0.175	72	9
6	7	42	0.1326530612244897	72	9
7	7	49	0.1836734693877551	72	9
2	1	2		72	10
3	1	3		72	10
4	1	4		72	10
5	1	5		72	10
6	1	6		72	10
7	1	7		72	10
2	2	4		72	10
3	2	6		72	10
4	2	8		72	10
5	2	10		72	10
6	2	12		72	10
7	2	14		72	10
2	3	6		72	10
3	3	9	0.3111111111111111	72	10
4	3	12	0.25	72	10
5	3	15	0.1066666666666666	72	10
6	3	18	0.1888888888888888	72	10
7	3	21	0.1156462585034013	72	10
2	4	8		72	10
3	4	12	0.324074074074074	72	10
4	4	16	0.225	72	10
5	4	20	0.15	72	10
6	4	24	0.1666666666666666	72	10
7	4	28	0.1275510204081632	72	10
2	5	10		72	10
3	5	15	0.3733333333333333	72	10
4	5	20	0.2444444444444444	72	10
5	5	25	0.2222222222222222	72	10
6	5	30	0.14	72	10
7	5	35	0.1755102040816326	72	10
2	6	12		72	10
3	6	18	0.3666666666666666	72	10
4	6	24	0.1851851851851852	72	10
5	6	30	0.125	72	10
6	6	36	0.1458333333333333	72	10
7	6	42	0.0793650793650793	72	10
2	7	14		72	10
3	7	21	0.3142857142857143	72	10
4	7	28	0.2295918367346938	72	10
5	7	35	0.1428571428571428	72	10
6	7	42	0.0863095238095238	72	10
7	7	49	0.1428571428571428	72	10
2	1	2		72	11
3	1	3		72	11
4	1	4		72	11
5	1	5		72	11
6	1	6		72	11
7	1	7		72	11
2	2	4		72	11
3	2	6		72	11
4	2	8		72	11
5	2	10		72	11
6	2	12		72	11
7	2	14		72	11
2	3	6		72	11
3	3	9	0.3086419753086419	72	11
4	3	12	0.2666666666666666	72	11
5	3	15	0.16	72	11
6	3	18	0.1975308641975308	72	11
7	3	21	0.1428571428571428	72	11
2	4	8		72	11
3	4	12	0.3	72	11
4	4	16	0.2375	72	11
5	4	20	0.18125	72	11
6	4	24	0.0925925925925926	72	11
7	4	28	0.1285714285714286	72	11
2	5	10		72	11
3	5	15	0.3666666666666666	72	11
4	5	20	0.2125	72	11
5	5	25	0.145	72	11
6	5	30	0.1666666666666666	72	11
7	5	35	0.1357142857142857	72	11
2	6	12		72	11
3	6	18	0.271604938271605	72	11
4	6	24	0.2037037037037037	72	11
5	6	30	0.1833333333333333	72	11
6	6	36	0.1481481481481481	72	11
7	6	42	0.1309523809523809	72	11
2	7	14		72	11
3	7	21	0.4074074074074074	72	11
4	7	28	0.2723214285714285	72	11
5	7	35	0.1761904761904762	72	11
6	7	42	0.1865079365079365	72	11
7	7	49	0.1632653061224489	72	11
2	1	2		72	12
3	1	3		72	12
4	1	4		72	12
5	1	5		72	12
6	1	6		72	12
7	1	7		72	12
2	2	4		72	12
3	2	6		72	12
4	2	8		72	12
5	2	10		72	12
6	2	12		72	12
7	2	14		72	12
2	3	6		72	12
3	3	9	0.2777777777777778	72	12
4	3	12	0.1916666666666666	72	12
5	3	15	0.15	72	12
6	3	18	0.1597222222222222	72	12
7	3	21	0.125	72	12
2	4	8		72	12
3	4	12	0.2749999999999999	72	12
4	4	16	0.2291666666666666	72	12
5	4	20	0.18	72	12
6	4	24	0.125	72	12
7	4	28	0.0714285714285714	72	12
2	5	10		72	12
3	5	15	0.3066666666666666	72	12
4	5	20	0.1714285714285714	72	12
5	5	25	0.1866666666666666	72	12
6	5	30	0.1277777777777778	72	12
7	5	35	0.1942857142857142	72	12
2	6	12		72	12
3	6	18	0.3777777777777777	72	12
4	6	24	0.2592592592592592	72	12
5	6	30	0.2222222222222222	72	12
6	6	36	0.1746031746031746	72	12
7	6	42	0.0714285714285714	72	12
2	7	14		72	12
3	7	21	0.3862433862433862	72	12
4	7	28	0.2232142857142857	72	12
5	7	35	0.1892857142857142	72	12
6	7	42	0.0	72	12
7	7	49	0.0	72	12
